,hotel,star,review,clean_review,date
0,νΈν…”ν‹°λ΅¤,3,"ν•­μƒ μ΄μ©ν•λ” κ²ƒμ΄κΈ΄ ν•λ°...
μ΄λ²μ—λ„μ΄λ¶μ—γ…λ¨Έλ¦¬μΉ΄λ½μ΄...μ•„....γ…γ…",ν•­μƒ μ΄μ©ν•λ” κ²ƒμ΄κΈ΄ ν•λ°μ΄λ²μ—λ„μ΄λ¶μ—γ…λ¨Έλ¦¬μΉ΄λ½μ΄μ•„γ…γ…,2021. 08. 24
1,νΈν…”ν‹°λ΅¤,4,"κΉ¨λ—ν•κ³  μΆ‹μ•„μ” 
λ§¤νΈλ¦¬μ¤κ°€ μΆ€ λ”±λ”±ν•΄μ”γ… ",κΉ¨λ—ν•κ³  μΆ‹μ•„μ” λ§¤νΈλ¦¬μ¤κ°€ μΆ€ λ”±λ”±ν•΄μ”γ… ,2021. 08. 12
2,νΈν…”ν‹°λ΅¤,5,μ²μμ— μ •λ¦¬μ•λ λ°© μ£Όμ…”μ„ μΆ€ κ·Έλ¬λ”λ° λ°”λ΅ λ°”κΏ”μ¤μ„ μΆ‹μ•γ……μ–΄μ”,μ²μμ— μ •λ¦¬μ•λ λ°© μ£Όμ…”μ„ μΆ€ κ·Έλ¬λ”λ° λ°”λ΅ λ°”κΏ”μ¤μ„ μΆ‹μ•γ……μ–΄μ”,2021. 08. 02
3,νΈν…”ν‹°λ΅¤,5,μ„μΉλ„ κ°€κΉκ³  μΌλ‹¨ μ—μ–΄μ»¨μ΄ μ§„μ§ λΉµλΉ¨ν•΄μ„ μ–Όμ–΄ μ£½μ„λ»” λ„λ¬΄ μ μλ‹¤κ°€ κ°€μ”~,μ„μΉλ„ κ°€κΉκ³  μΌλ‹¨ μ—μ–΄μ»¨μ΄ μ§„μ§ λΉµλΉ¨ν•΄μ„ μ–Όμ–΄ μ£½μ„λ»” λ„λ¬΄ μ μλ‹¤κ°€ κ°€μ”,2021. 07. 26
4,νΈν…”ν‹°λ΅¤,5,μ—μ–΄μ»¨μ΄ λΉµλΉµν•΄μ—¬ μ‹¤λ‚΄ μΈν…λ¦¬μ–΄λ” μ΅°κΈ μ¬λ“ν•κΈ΄ν•λ° κ΄μ°®μµλ‹λ‹¤,μ—μ–΄μ»¨μ΄ λΉµλΉµν•΄μ—¬ μ‹¤λ‚΄ μΈν…λ¦¬μ–΄λ” μ΅°κΈ μ¬λ“ν•κΈ΄ν•λ° κ΄μ°®μµλ‹λ‹¤,2021. 07. 17
5,νΈν…”ν‹°λ΅¤,5,μ—°μ‹μ€ μΆ€ μμ–΄λ³΄μ€λ”λ° κ΄μ°®μ•μ–΄μ”,μ—°μ‹μ€ μΆ€ μμ–΄λ³΄μ€λ”λ° κ΄μ°®μ•μ–΄μ”,2021. 07. 04
6,νΈν…”ν‹°λ΅¤,5,κµν†µ μΆ‹μ€ κ³³μ— μ„μΉν•κ³  μ΅°μ©ν• μ£Όμ„ ν™κ²½μ΄ μ¶μ¥μ‹ ν΄μ‹μ— λ§¤μ° ν›λ¥­ν–μµλ‹λ‹¤.,κµν†µ μΆ‹μ€ κ³³μ— μ„μΉν•κ³  μ΅°μ©ν• μ£Όμ„ ν™κ²½μ΄ μ¶μ¥μ‹ ν΄μ‹μ— λ§¤μ° ν›λ¥­ν–μµλ‹λ‹¤,2021. 06. 24
7,νΈν…”ν‹°λ΅¤,5,"μ²μ λ°©λ¬Έν–λ”λ° 
μΆ‹μ•„μ”~~ κΉ”λ”ν•κ³ ",μ²μ λ°©λ¬Έν–λ”λ° μΆ‹μ•„μ” κΉ”λ”ν•κ³ ,2021. 06. 03
8,νΈν…”ν‹°λ΅¤,5,μΆ‹μ•μ–΄μ” ~~ κ·Όλ° λ°”λ΅ λ§μ€νΈμ— μ¤ν”Όμ¤ν…”μΈμ§€ μ‚¬λ¬΄μ‹¤μΈμ§€ μμ–΄μ„ μ· κ°μ•„μ…μ„ λ• μ»¤νΌ μΉκ³  κ°μ•„μ…μ—μµλ‹λ‹¤ γ… γ… κ·Έκ±° λΉΌκ³¤ λ‹¤ κµΏ,μΆ‹μ•μ–΄μ”  κ·Όλ° λ°”λ΅ λ§μ€νΈμ— μ¤ν”Όμ¤ν…”μΈμ§€ μ‚¬λ¬΄μ‹¤μΈμ§€ μμ–΄μ„ μ· κ°μ•„μ…μ„ λ• μ»¤νΌ μΉκ³  κ°μ•„μ…μ—μµλ‹λ‹¤ γ… γ… κ·Έκ±° λΉΌκ³¤ λ‹¤ κµΏ,2021. 05. 31
9,νΈν…”ν‹°λ΅¤,3,μκ±΄μ΄ μ΅°λ” λ”λ¬μ΄ λλ‚μ΄μ—μ§€λ§ μ£Όλ³€μ λ‹¤λ¥Έκ³³ λ€λΉ„λ” μΆ‹μ€κ²ƒκ°™μµλ‹λ‹¤,μκ±΄μ΄ μ΅°λ” λ”λ¬μ΄ λλ‚μ΄μ—μ§€λ§ μ£Όλ³€μ λ‹¤λ¥Έκ³³ λ€λΉ„λ” μΆ‹μ€κ²ƒκ°™μµλ‹λ‹¤,2021. 05. 16
10,νΈν…”ν‹°λ΅¤,5,ν•λ£¨ μ‰΄ κ³³ μ°Ύμ•„μ„ κ°€λ΄¤λ”λ° λ§¤μ° λ§μ΅±ν–μµλ‹λ‹¤,ν•λ£¨ μ‰΄ κ³³ μ°Ύμ•„μ„ κ°€λ΄¤λ”λ° λ§¤μ° λ§μ΅±ν–μµλ‹λ‹¤,2021. 05. 10
11,νΈν…”ν‹°λ΅¤,1,"λ„λ¬΄ μ¶¥κ³  κ±΄μ΅°κΈ°λ•λ¬Έμ΄λΌκ³  ν•μ‹λ”λ°
μ΄λ¶μ•μ— λ¨Έλ¦¬μΉ΄λ½ μ–΄λ§λ¬΄μ‹ν–μ–΄μ”
λ°© μκΏ”μ£Όμ…¨λ”λ° κ·Έλƒ¥ κ·Έλ«μ–΄μ”",λ„λ¬΄ μ¶¥κ³  κ±΄μ΅°κΈ°λ•λ¬Έμ΄λΌκ³  ν•μ‹λ”λ°μ΄λ¶μ•μ— λ¨Έλ¦¬μΉ΄λ½ μ–΄λ§λ¬΄μ‹ν–μ–΄μ”λ°© μκΏ”μ£Όμ…¨λ”λ° κ·Έλƒ¥ κ·Έλ«μ–΄μ”,2021. 03. 28
12,νΈν…”ν‹°λ΅¤,3,λ°©μμ΄ μ μ•λμ–΄μ”... μ†λ°©μ— μ‹Έμ°λ” μ†λ¦¬μΈμ§€ ν°μ†λ¦¬λ„ λ“¤λ Έμ–΄μ” γ…  μ–΄λ μ™μ†λ‚ λ§μ°¬κ°€μ§€λ΅ λƒ‰μ¥κ³ ? μ „κΈ° μ›…- ν•λ” μ†λ¦¬λ„ λ“¤λ Έμ–΄μ”. ν”„λ΅ νΈ μ§μ›λ¶„λ“¤μ€ μΉμ ν–μ–΄μ”.,λ°©μμ΄ μ μ•λμ–΄μ” μ†λ°©μ— μ‹Έμ°λ” μ†λ¦¬μΈμ§€ ν°μ†λ¦¬λ„ λ“¤λ Έμ–΄μ” γ…  μ–΄λ μ™μ†λ‚ λ§μ°¬κ°€μ§€λ΅ λƒ‰μ¥κ³  μ „κΈ° μ›… ν•λ” μ†λ¦¬λ„ λ“¤λ Έμ–΄μ” ν”„λ΅ νΈ μ§μ›λ¶„λ“¤μ€ μΉμ ν–μ–΄μ”,2021. 03. 07
13,νΈν…”ν‹°λ΅¤,4,μ‹μ„¤μ€ κ·Έλƒ¥κ·Έλ¬μ§€λ§ μ„λΉ„μ¤κ°€ μΆ‹μ•μµλ‹λ‹¤!,μ‹μ„¤μ€ κ·Έλƒ¥κ·Έλ¬μ§€λ§ μ„λΉ„μ¤κ°€ μΆ‹μ•μµλ‹λ‹¤,2021. 02. 21
14,νΈν…”ν‹°λ΅¤,3,"μ¤λλ νΈν…” κ°™μ•μ§€λ§ κ΄€λ¦¬κ°€ μλμ–΄μμ—κ³  κΉ”λ”ν–μ–΄μ”.
μ•μ‹¤λ„ λ‚λ¦„ κ΄μ°®μ•μµλ‹λ‹¤. 2λ°• 3μΌλ™μ• μ λ¨Έλ¬Όλ €μ–΄μ”
κ·Έλ°λ° λ‹΄λ°°λƒ„μƒκ°€ λ„λ¬΄ λ§μ΄λ‚¬μ–΄μ”.. λ¬Έμλ¥Ό λ‚¨κ²¨λ„ μ„μ•„λμ–‘μ†λ°©μ— μ•„λ¬΄λ„ μ—†λ‹¤κ³  ν•μ‹λ”λ° λ‹΄λ°°λƒ„μƒκ°€ ν™”μ¥μ‹¤ ν™κΈ°κµ¬λ΅ μ—„μ²­ λ“¤μ–΄μ™€μ„ μƒλ²½μ— μ  λ»μ μ •λ„μ€μ–΄μ”. γ…γ…
μ•μ‹¤ ν•μκµ¬λ„ λ§‰ν”λ”μ§€ μ•½κ°„ λ¬Όμ΄ μ°¨λ”λΌκ³ μ”.
κ·Έλ¦¬κ³  μ»΄ν“¨ν„°κ°€ μ—†μ–΄μ„ λ¬Έμν–λ”λ° μ΄ νΈν…”μ€ μ»΄ν“¨ν„°κ°€ μ•„μ  μ—†λ‹¤κ³  ν•λ”λΌκ³ μ”? κ·Έλ°λ° ν›„κΈ°λ³΄λ‹ μ»΄ν“¨ν„° μ‚¬μ©ν–λ‹¨ ν›„κΈ°κ°€ μλ„¤μ”..? λ„·ν”λ¦­μ¤ λ“± μ΄μ©μ„ λ»ν•΄μ„ μΆ€ μ‹¬μ‹¬ν–μ–΄μ”.
λ‚λ°©μ€ μ¤‘μ•™λ‚λ°©μΈλ“― ν•©λ‹λ‹¤. μ¨λ„μ΅°μ μ€ λ¶κ°€λ¥ν•κ³  λΌλ””μ—μ΄ν„° ν•λ€κ°€ μμ—μ–΄μ”. λ°¤μ—λ” μΆ€ μ¶”μ› μµλ‹λ‹¤.λ”λ³΄κΈ°",μ¤λλ νΈν…” κ°™μ•μ§€λ§ κ΄€λ¦¬κ°€ μλμ–΄μμ—κ³  κΉ”λ”ν–μ–΄μ”μ•μ‹¤λ„ λ‚λ¦„ κ΄μ°®μ•μµλ‹λ‹¤ λ°• μΌλ™μ• μ λ¨Έλ¬Όλ €μ–΄μ”κ·Έλ°λ° λ‹΄λ°°λƒ„μƒκ°€ λ„λ¬΄ λ§μ΄λ‚¬μ–΄μ” λ¬Έμλ¥Ό λ‚¨κ²¨λ„ μ„μ•„λμ–‘μ†λ°©μ— μ•„λ¬΄λ„ μ—†λ‹¤κ³  ν•μ‹λ”λ° λ‹΄λ°°λƒ„μƒκ°€ ν™”μ¥μ‹¤ ν™κΈ°κµ¬λ΅ μ—„μ²­ λ“¤μ–΄μ™€μ„ μƒλ²½μ— μ  λ»μ μ •λ„μ€μ–΄μ” γ…γ…μ•μ‹¤ ν•μκµ¬λ„ λ§‰ν”λ”μ§€ μ•½κ°„ λ¬Όμ΄ μ°¨λ”λΌκ³ μ”κ·Έλ¦¬κ³  μ»΄ν“¨ν„°κ°€ μ—†μ–΄μ„ λ¬Έμν–λ”λ° μ΄ νΈν…”μ€ μ»΄ν“¨ν„°κ°€ μ•„μ  μ—†λ‹¤κ³  ν•λ”λΌκ³ μ” κ·Έλ°λ° ν›„κΈ°λ³΄λ‹ μ»΄ν“¨ν„° μ‚¬μ©ν–λ‹¨ ν›„κΈ°κ°€ μλ„¤μ” λ„·ν”λ¦­μ¤ λ“± μ΄μ©μ„ λ»ν•΄μ„ μΆ€ μ‹¬μ‹¬ν–μ–΄μ”λ‚λ°©μ€ μ¤‘μ•™λ‚λ°©μΈλ“― ν•©λ‹λ‹¤ μ¨λ„μ΅°μ μ€ λ¶κ°€λ¥ν•κ³  λΌλ””μ—μ΄ν„° ν•λ€κ°€ μμ—μ–΄μ” λ°¤μ—λ” μΆ€ μ¶”μ› μµλ‹λ‹¤λ”λ³΄κΈ°,2020. 12. 29
15,νΈν…”ν‹°λ΅¤,4,μ €λ ΄ν•΄μ„  κ°”λ”λ°  μμ „κ³Όλ‹¬λ¦¬ μ‹μ„¤μ΄ λ‚™ν›„λκ³  μ¶”μ› μ,μ €λ ΄ν•΄μ„  κ°”λ”λ°  μμ „κ³Όλ‹¬λ¦¬ μ‹μ„¤μ΄ λ‚™ν›„λκ³  μ¶”μ› μ,2020. 12. 27
16,νΈν…”ν‹°λ΅¤,4,λ¬Έμ—μ„ μ†λ¦¬λ‚κ³  μ²­μ†λ” μ•„μ‰½μ§€λ§ μ΄λ™λ„¤μ— μ΄λ―Όν•κ³³μ€ μ΄κ³³λΏ,λ¬Έμ—μ„ μ†λ¦¬λ‚κ³  μ²­μ†λ” μ•„μ‰½μ§€λ§ μ΄λ™λ„¤μ— μ΄λ―Όν•κ³³μ€ μ΄κ³³λΏ,2020. 12. 15
17,νΈν…”ν‹°λ΅¤,5,"μ—­μ—μ„λ„ κ°€κΉκ³  κΉ¨λ—ν•κ³  νΈν•κ³  λ„λ¬΄ μΆ‹μ•μ–΄μ”!
μ™„μ „ κ°•μ¶”!!",μ—­μ—μ„λ„ κ°€κΉκ³  κΉ¨λ—ν•κ³  νΈν•κ³  λ„λ¬΄ μΆ‹μ•μ–΄μ”μ™„μ „ κ°•μ¶”,2020. 12. 01
18,νΈν…”ν‹°λ΅¤,3,"μ†μ— μ μ•¤λ―Έκ°€ μλ„¤μ”

μ •λ§ μΉμ ν•μ‹ λ°.. μ‹νΈκ°€ λ„ λ”λ¬μ› μ–΄μ”
κ°€μ΄μ—λ” μ „λ‹΄ μκ³  γ… ",μ†μ— μ μ•¤λ―Έκ°€ μλ„¤μ”μ •λ§ μΉμ ν•μ‹ λ° μ‹νΈκ°€ λ„ λ”λ¬μ› μ–΄μ”κ°€μ΄μ—λ” μ „λ‹΄ μκ³  γ… ,2020. 11. 13
19,νΈν…”ν‹°λ΅¤,5,"μ—­μ‚Όκ·Όμ²μ— μ΄μ •λ„ κ°€κ²©λ€ μ΄μ •λ„ λ£Έμ»¨λ””μ…,μ„λΉ„μ¤λ©΄ κµΏκµΏ",μ—­μ‚Όκ·Όμ²μ— μ΄μ •λ„ κ°€κ²©λ€ μ΄μ •λ„ λ£Έμ»¨λ””μ…μ„λΉ„μ¤λ©΄ κµΏκµΏ,2020. 11. 04
20,νΈν…”ν‹°λ΅¤,4,μ„μΉκ°€ μΆ‹μ•„μ”~ λ£Έμ€ μ•½κ°„ λ¨ν…”κ°™μ€ λ¶„μ„κΈ°μ§€λ§ κ·Έλλ„ μ£Όμ°¨ν•κΈ° νΈμ•ν•©λ‹λ‹¤,μ„μΉκ°€ μΆ‹μ•„μ” λ£Έμ€ μ•½κ°„ λ¨ν…”κ°™μ€ λ¶„μ„κΈ°μ§€λ§ κ·Έλλ„ μ£Όμ°¨ν•κΈ° νΈμ•ν•©λ‹λ‹¤,2020. 10. 19
21,νΈν…”ν‹°λ΅¤,5,μ‹ μ‚¬. μ„μ΄μ—μ„ μ¶μ¥κ°€λ©΄ μ• μ©ν•©λ‹λ‹¤~^^,μ‹ μ‚¬ μ„μ΄μ—μ„ μ¶μ¥κ°€λ©΄ μ• μ©ν•©λ‹λ‹¤,2020. 10. 13
22,νΈν…”ν‹°λ΅¤,5,μ—­κ³Όμ κ·Όμ ‘μ„±μ΄ μΆ‹κ³  κΉ¨λ—ν•©λ‹λ‹¤.,μ—­κ³Όμ κ·Όμ ‘μ„±μ΄ μΆ‹κ³  κΉ¨λ—ν•©λ‹λ‹¤,2020. 10. 13
23,νΈν…”ν‹°λ΅¤,4,μ •λ§ κ΄μ°®μ•μµλ‹λ‹¤ νΉν μ„μΉλ‘ μ ‘κ·Όμ„±!!,μ •λ§ κ΄μ°®μ•μµλ‹λ‹¤ νΉν μ„μΉλ‘ μ ‘κ·Όμ„±,2020. 08. 12
24,νΈν…”ν‹°λ΅¤,1,"λ“¤μ–΄κ°”λ”λ° μ•„ λ„λ¬΄λ„λ¬΄λ„λ¬΄λ„λ¬΄ μ¤λλκ³  λ³„λ΅μΈ μ‹μ„¤.... ν™”μ¥μ‹¤ κ³°ν΅μ΄.... 
ν›„κΈ° μ™ μΆ‹μ€μ§€ λ¨λ¥΄κ² λ„¤μ”;;;;; 
λ‚μ¤‘μ— λ‹¤λ¥Έ μ–΄ν”μ—μ„ ν›„κΈ°λ³΄λ‹ γ…‚γ…‹γ…‚γ„Ή.... ν΄ λ²λ  μ¶λ°ν• κΉλ΄ λ„λ¬΄ λ¬΄μ„μ› λ„¤μ”.. 
λ°©μ 1λ„ μ•λμ„ μƒλ²½μ— λ°–μ—μ„ μ†λ¦¬μΉλ” λ‚¨μλ•λ§¤ κΉμ§λ†€λκ³  μ •λ§ μµμ•…μ΄μ—μµλ‹λ‹¤",λ“¤μ–΄κ°”λ”λ° μ•„ λ„λ¬΄λ„λ¬΄λ„λ¬΄λ„λ¬΄ μ¤λλκ³  λ³„λ΅μΈ μ‹μ„¤ ν™”μ¥μ‹¤ κ³°ν΅μ΄ ν›„κΈ° μ™ μΆ‹μ€μ§€ λ¨λ¥΄κ² λ„¤μ” λ‚μ¤‘μ— λ‹¤λ¥Έ μ–΄ν”μ—μ„ ν›„κΈ°λ³΄λ‹ γ…‚γ…‹γ…‚γ„Ή ν΄ λ²λ  μ¶λ°ν• κΉλ΄ λ„λ¬΄ λ¬΄μ„μ› λ„¤μ” λ°©μ λ„ μ•λμ„ μƒλ²½μ— λ°–μ—μ„ μ†λ¦¬μΉλ” λ‚¨μλ•λ§¤ κΉμ§λ†€λκ³  μ •λ§ μµμ•…μ΄μ—μµλ‹λ‹¤,2020. 08. 10
25,νΈν…”ν‹°λ΅¤,4,μ‹ μ‚¬μ—­μ΄λ‘ κ°€κΉμ›μ„ κ·Όμ² λ‹¤λ‹κΈ° μΆ‹μ•„μ”~,μ‹ μ‚¬μ—­μ΄λ‘ κ°€κΉμ›μ„ κ·Όμ² λ‹¤λ‹κΈ° μΆ‹μ•„μ”,2020. 07. 20
26,νΈν…”ν‹°λ΅¤,5,κΉ”λ”ν•κ³  μΎμ ν•΄μ„ μΆ‹μ•μµλ‹λ‹¤,κΉ”λ”ν•κ³  μΎμ ν•΄μ„ μΆ‹μ•μµλ‹λ‹¤,2020. 07. 19
27,νΈν…”ν‹°λ΅¤,5,μ§μ›λ¶„λ“¤μ΄μΉμ ν•μ„Έμ” μλ¬µλ‹¤κ°‘λ‹λ‹¤!,μ§μ›λ¶„λ“¤μ΄μΉμ ν•μ„Έμ” μλ¬µλ‹¤κ°‘λ‹λ‹¤,2020. 06. 28
28,νΈν…”ν‹°λ΅¤,4,κΉ”λ”ν•κ³  μ΅°μ©ν•΄μ„ μμ‰¬λ‹¤κ°‘λ‹λ‹¤,κΉ”λ”ν•κ³  μ΅°μ©ν•΄μ„ μμ‰¬λ‹¤κ°‘λ‹λ‹¤,2020. 06. 27
29,νΈν…”ν‹°λ΅¤,4,ν™”μ¥μ‹¤λ¬Έκ³ μ¥λ‚μ„ λ‹«μ„λ•λ§λ‹¤μ†λ¦¬λ‚¨,ν™”μ¥μ‹¤λ¬Έκ³ μ¥λ‚μ„ λ‹«μ„λ•λ§λ‹¤μ†λ¦¬λ‚¨,2020. 06. 21
30,νΈν…”ν‹°λ΅¤,5,λ°©λ„λ„“κ³  μ²­κ²°ν•κ³  νΉνμ§μ›λ¶„μ΄ μ”κµ¬ν•λ”κ²ƒλ„μλ“¤μ–΄μ£Όμ‹κ³  λ„λ¬΄λ„λ¬΄μΉμ ν–μµλ‹λ‹¤ μμ£Όκ°€λ”λ° μ„λΉ„μ¤κµΏμ…λ‹λ‹¤ λ³„μ 5κ°!!,λ°©λ„λ„“κ³  μ²­κ²°ν•κ³  νΉνμ§μ›λ¶„μ΄ μ”κµ¬ν•λ”κ²ƒλ„μλ“¤μ–΄μ£Όμ‹κ³  λ„λ¬΄λ„λ¬΄μΉμ ν–μµλ‹λ‹¤ μμ£Όκ°€λ”λ° μ„λΉ„μ¤κµΏμ…λ‹λ‹¤ λ³„μ κ°,2020. 06. 07
31,νΈν…”ν‹°λ΅¤,5,"λ©΄λ„κΈ° λ©΄λ„ν¬λ¦Ό μ—†μ–΄μ„ μΆ€ μ•„μ‰½.
λ‹¤λ¥Έκ±΄ λ§μ ",λ©΄λ„κΈ° λ©΄λ„ν¬λ¦Ό μ—†μ–΄μ„ μΆ€ μ•„μ‰½λ‹¤λ¥Έκ±΄ λ§μ ,2020. 06. 07
32,νΈν…”ν‹°λ΅¤,4,μ „μ²΄μ μΌλ΅ κ΄μ°®μ•μ§€λ§ λ°”λ‹¥μ΄ λ‹¤μ† κΉ¨λ—ν•μ§€ μ•λ‹¤λ” λλ‚μ„ λ°›μ•κ³  μ„Έλ©΄λ€μ λ°°μκ°€ μ λμ§€ μ•μ•μµλ‹λ‹¤.,μ „μ²΄μ μΌλ΅ κ΄μ°®μ•μ§€λ§ λ°”λ‹¥μ΄ λ‹¤μ† κΉ¨λ—ν•μ§€ μ•λ‹¤λ” λλ‚μ„ λ°›μ•κ³  μ„Έλ©΄λ€μ λ°°μκ°€ μ λμ§€ μ•μ•μµλ‹λ‹¤,2020. 05. 17
33,νΈν…”ν‹°λ΅¤,4,"μ‹ μ‚¬μ—­μ—μ„ κ°€κΉμ› κ³ .
ν”„λ΅ νΈ λ‚¨μ§μ›λ¶„ μΉμ  ν•μ€μµλ‹λ‹¤.
μ›λ‚  νΈν…” λλ‚ λ‚  μ μλ”λ° μ „μ²΄μ μΌλ΅ κΉ”λ” ν–λ„¤μ”.
λ°© μ•μ—μ„ μ¨λ„μ΅°μ μ€ λ¶κ°€ ν•μ§€λ§ λ”°λ“―ν•©λ‹λ‹¤.
μ λ¬µκ³  κ°‘λ‹λ‹¤.λ”λ³΄κΈ°",μ‹ μ‚¬μ—­μ—μ„ κ°€κΉμ› κ³ ν”„λ΅ νΈ λ‚¨μ§μ›λ¶„ μΉμ  ν•μ€μµλ‹λ‹¤μ›λ‚  νΈν…” λλ‚ λ‚  μ μλ”λ° μ „μ²΄μ μΌλ΅ κΉ”λ” ν–λ„¤μ”λ°© μ•μ—μ„ μ¨λ„μ΅°μ μ€ λ¶κ°€ ν•μ§€λ§ λ”°λ“―ν•©λ‹λ‹¤μ λ¬µκ³  κ°‘λ‹λ‹¤λ”λ³΄κΈ°,2020. 04. 11
34,νΈν…”ν‹°λ΅¤,5,λ‘λ²μ§Έ λ°©λ¬ΈμΈλ° μ΄λ²μ—λ„ μΆ‹μ•μµλ‹λ‹¤,λ‘λ²μ§Έ λ°©λ¬ΈμΈλ° μ΄λ²μ—λ„ μΆ‹μ•μµλ‹λ‹¤,2020. 03. 29
35,νΈν…”ν‹°λ΅¤,5,ν•­μƒ μ΄μ©ν•λ” μ΄μ κ°€ λ¶„λ…μμµλ‹λ‹¤~~^^,ν•­μƒ μ΄μ©ν•λ” μ΄μ κ°€ λ¶„λ…μμµλ‹λ‹¤,2020. 03. 06
36,νΈν…”ν‹°λ΅¤,5,μ‹ μ‚¬μ—­ μ£Όλ³€μ—μ„λ” μ΄λ§ν•κ³³μ΄ μ—†μ–΄μ„ μμ£Ό μ• μ©ν•λ”κ³³μ…λ‹λ‹¤.,μ‹ μ‚¬μ—­ μ£Όλ³€μ—μ„λ” μ΄λ§ν•κ³³μ΄ μ—†μ–΄μ„ μμ£Ό μ• μ©ν•λ”κ³³μ…λ‹λ‹¤,2020. 02. 09
37,νΈν…”ν‹°λ΅¤,5,μ¶”μ΄λ‚ μ΄μ—λ”λ° λ°”λ‹¥ μ •λ§ λ¨κ·Όλ¨κ·Όν•κ³  μΆ‹μ•μ–΄μ”. κ°€λ΅μκΈΈμ΄λ‘ κ°€κΉκ³  μΆ‹μµλ‹λ‹¤.,μ¶”μ΄λ‚ μ΄μ—λ”λ° λ°”λ‹¥ μ •λ§ λ¨κ·Όλ¨κ·Όν•κ³  μΆ‹μ•μ–΄μ” κ°€λ΅μκΈΈμ΄λ‘ κ°€κΉκ³  μΆ‹μµλ‹λ‹¤,2020. 01. 25
38,νΈν…”ν‹°λ΅¤,5,κ°€κ²©λ€λΉ„ κ΄μ°®μ•„μ” κΉ”λ”ν•κµ¬ λ¶λ§μ‚¬ν•­μ€ μ „ν€ μ—†μµλ‹λ‹¤ !,κ°€κ²©λ€λΉ„ κ΄μ°®μ•„μ” κΉ”λ”ν•κµ¬ λ¶λ§μ‚¬ν•­μ€ μ „ν€ μ—†μµλ‹λ‹¤ ,2020. 01. 24
39,νΈν…”ν‹°λ΅¤,5,μΉ¨κµ¬λ¥ νΈν•κ³  μΆ‹μ. λ‹¤λ§ μ£Όμ°¨μ•λ‚΄μ›μ΄ λ°λ ›νν‚Ή ν•΄μ£Όλ”κ±° λ¶νΈν•¨. μ°¨κ³ μ—μ„ μ°¨ κΊΌλ‚΄λ” μ‹κ°„λ„ κΌ¬γ…‘ κ±Έλ¦¬κ³ ,μΉ¨κµ¬λ¥ νΈν•κ³  μΆ‹μ λ‹¤λ§ μ£Όμ°¨μ•λ‚΄μ›μ΄ λ°λ ›νν‚Ή ν•΄μ£Όλ”κ±° λ¶νΈν•¨ μ°¨κ³ μ—μ„ μ°¨ κΊΌλ‚΄λ” μ‹κ°„λ„ κΌ¬γ…‘ κ±Έλ¦¬κ³ ,2020. 01. 12
40,νΈν…”ν‹°λ΅¤,4,"μ™μ†μ— λ‹΄λ°°λƒ„μƒλ‘ λ‚μ§€μ•κµ¬
ν”„λ°νΈμ— κ³„μ‹ μ§μ›λ¶„λ‘ λ„ μΉμ ν•μ…”μ„ μΆ‹μ•μ–΄μ”^^
μΉκµ¬λ“¤κ³Ό λ†€λ¬μ™€μ„ μΆ‹μ€μ¶”μ–µλ§λ“¤κµ¬ κ°‘λ‹λ‹Ή!",μ™μ†μ— λ‹΄λ°°λƒ„μƒλ‘ λ‚μ§€μ•κµ¬ν”„λ°νΈμ— κ³„μ‹ μ§μ›λ¶„λ‘ λ„ μΉμ ν•μ…”μ„ μΆ‹μ•μ–΄μ”μΉκµ¬λ“¤κ³Ό λ†€λ¬μ™€μ„ μΆ‹μ€μ¶”μ–µλ§λ“¤κµ¬ κ°‘λ‹λ‹Ή,2020. 01. 07
41,νΈν…”ν‹°λ΅¤,3,μ—μΈµμ—μ„ λ¬΄κ±°μ΄ λ¬Όκ±΄μ΄ λ–¨μ–΄μ§€λ”λ“―ν• μ†λ¦¬κ°€ λ‡λ²λ‚κ²ƒκ³Ό μ¬λ¦¬νΌλ° νƒμƒμ²­κ²°λ„λ¥Ό μ μ™Έν•λ©΄ κ΄μ°®μ€ μ™μ†μ€μµλ‹λ‹¤,μ—μΈµμ—μ„ λ¬΄κ±°μ΄ λ¬Όκ±΄μ΄ λ–¨μ–΄μ§€λ”λ“―ν• μ†λ¦¬κ°€ λ‡λ²λ‚κ²ƒκ³Ό μ¬λ¦¬νΌλ° νƒμƒμ²­κ²°λ„λ¥Ό μ μ™Έν•λ©΄ κ΄μ°®μ€ μ™μ†μ€μµλ‹λ‹¤,2019. 12. 15
42,νΈν…”ν‹°λ΅¤,4,μ…μ‹¤μ΄ λΉ¨λΌ μ£Όμ°¨ν•΄λ‘κ³  λ‹¤λ‹κΈ° μΆ‹μ•μ–΄μ” λ‚λ°© μλλ„¤μ” μ΅°μ©ν•κ³ ,μ…μ‹¤μ΄ λΉ¨λΌ μ£Όμ°¨ν•΄λ‘κ³  λ‹¤λ‹κΈ° μΆ‹μ•μ–΄μ” λ‚λ°© μλλ„¤μ” μ΅°μ©ν•κ³ ,2019. 12. 14
43,νΈν…”ν‹°λ΅¤,4,μ ‘κ·Όμ„±μ€μΆ‹μΌλ‚ νΈν…”λ³΄λ‹¤λ” λ¨ν…”μ—κ°€κΉμ›€,μ ‘κ·Όμ„±μ€μΆ‹μΌλ‚ νΈν…”λ³΄λ‹¤λ” λ¨ν…”μ—κ°€κΉμ›€,2019. 12. 06
44,νΈν…”ν‹°λ΅¤,5,κ°€κ²©λ€λΉ„ μµκ³ μ μ„μΉμ— μµκ³ μ μ¥μ†μ…λ‹λ‹¤,κ°€κ²©λ€λΉ„ μµκ³ μ μ„μΉμ— μµκ³ μ μ¥μ†μ…λ‹λ‹¤,2019. 11. 23
45,νΈν…”ν‹°λ΅¤,5,μƒκ°λ³΄λ‹¤ λ„λ¬΄ μ λ¨Έλ¬Όλ‹¤ κ°‘λ‹λ‹Ή! λ°©λ„ λ•ƒλ•ƒ,μƒκ°λ³΄λ‹¤ λ„λ¬΄ μ λ¨Έλ¬Όλ‹¤ κ°‘λ‹λ‹Ή λ°©λ„ λ•ƒλ•ƒ,2019. 10. 23
46,νΈν…”ν‹°λ΅¤,1,νΌν΄λ μ§• κ°™μ€ μ—¬μ„±μ©ν’μ΄ μ—†μ–΄μ”. μ±™κ²¨κ°€μ„Έμ”.,νΌν΄λ μ§• κ°™μ€ μ—¬μ„±μ©ν’μ΄ μ—†μ–΄μ” μ±™κ²¨κ°€μ„Έμ”,2019. 10. 16
47,νΈν…”ν‹°λ΅¤,4,μ—­μ΄λ‘ κ°€κΉκ³  μ΅°μ©ν•κ³  κ°€μ„±λΉ„ μΆ‹μ•μ–΄μ”^^,μ—­μ΄λ‘ κ°€κΉκ³  μ΅°μ©ν•κ³  κ°€μ„±λΉ„ μΆ‹μ•μ–΄μ”,2019. 10. 13
48,νΈν…”ν‹°λ΅¤,5,"λ°μ¤ν¬μ— κ³„μ‹  λ‚¨μ„± μ¤‘λ…„ μ§μ›λ¶„ μΉμ ν•μ…¨κ³ 
λ”λΈ”λ£Έ-μ‹ μ‹μ€ μ•„λ‹μ§€λ§ λ°©λ„ λ„“κ³  ν™”μ¥μ‹¤λ„ ν¬κ³  κ΄μ°®μ•μ–΄μ”. λ‹¤λ§ μ—μ–΄μ»¨μ΄ μ‚΄μ§ μ•½ν•κ²ƒ κ°™μ•„μ”!",λ°μ¤ν¬μ— κ³„μ‹  λ‚¨μ„± μ¤‘λ…„ μ§μ›λ¶„ μΉμ ν•μ…¨κ³ λ”λΈ”λ£Έμ‹ μ‹μ€ μ•„λ‹μ§€λ§ λ°©λ„ λ„“κ³  ν™”μ¥μ‹¤λ„ ν¬κ³  κ΄μ°®μ•μ–΄μ” λ‹¤λ§ μ—μ–΄μ»¨μ΄ μ‚΄μ§ μ•½ν•κ²ƒ κ°™μ•„μ”,2019. 10. 01
49,νΈν…”ν‹°λ΅¤,2,"μƒκ°ν–λ κ±° λ³΄λ‹¤ μ‹μ„¤μ΄ λ§μ΄ λ‚™ν›„λμκ³ , ν™”μ¥μ‹¤μ€ μ§„μ§ μ¶©κ²©μ΄μ€μ–΄μ”
μ“°μ§€λ„ μ•μ•λ”λ° μ•μ΅° λ°°μκµ¬μ— λ¨Έλ¦¬μΉ΄λ½μ΄λ‘ ν„Έκ°™μ€ κ²ƒλ“¤λ΅ λ¬Ό ν‹€μλ§μ λ§‰νκ³ , μ„Έλ©΄λ€λ„ λ§μ°¬κ°€μ§€λΌ κ·Έλƒ¥ μ•μ΅° λ°–μ—μ„ μ”»μ–΄μ•Ό ν–κ³ , μ μΌν•κ² μΆ‹μ•λκ±΄ ν”„λ°νΈ λ‚¨μμ§μ›λ¶„μ΄ μ§ λ³΄κ΄€λ„ ν•΄μ£Όμ‹κ³ , μΉμ ν•μ…¨λ‹¤λ” μ  λ§κ³ λ” μ¬λ°©λ¬Έμ€ μ–΄λ ¤μΈ κ²ƒ κ°™λ„¤μ”.",μƒκ°ν–λ κ±° λ³΄λ‹¤ μ‹μ„¤μ΄ λ§μ΄ λ‚™ν›„λμκ³  ν™”μ¥μ‹¤μ€ μ§„μ§ μ¶©κ²©μ΄μ€μ–΄μ”μ“°μ§€λ„ μ•μ•λ”λ° μ•μ΅° λ°°μκµ¬μ— λ¨Έλ¦¬μΉ΄λ½μ΄λ‘ ν„Έκ°™μ€ κ²ƒλ“¤λ΅ λ¬Ό ν‹€μλ§μ λ§‰νκ³  μ„Έλ©΄λ€λ„ λ§μ°¬κ°€μ§€λΌ κ·Έλƒ¥ μ•μ΅° λ°–μ—μ„ μ”»μ–΄μ•Ό ν–κ³  μ μΌν•κ² μΆ‹μ•λκ±΄ ν”„λ°νΈ λ‚¨μμ§μ›λ¶„μ΄ μ§ λ³΄κ΄€λ„ ν•΄μ£Όμ‹κ³  μΉμ ν•μ…¨λ‹¤λ” μ  λ§κ³ λ” μ¬λ°©λ¬Έμ€ μ–΄λ ¤μΈ κ²ƒ κ°™λ„¤μ”,2019. 09. 30
50,νΈν…”ν‹°λ΅¤,5,νΈμ•ν•λ©΄μ„ μ ‘κ·Όμ„±μ΄ μΆ‹μµλ‹λ‹¤~,νΈμ•ν•λ©΄μ„ μ ‘κ·Όμ„±μ΄ μΆ‹μµλ‹λ‹¤,2019. 09. 15
51,νΈν…”ν‹°λ΅¤,5,νΈμμ„±λ„ μΆ‹κ³   μΉμ ν•κ³  μΆ‹μ•„μ”,νΈμμ„±λ„ μΆ‹κ³   μΉμ ν•κ³  μΆ‹μ•„μ”,2019. 08. 31
52,νΈν…”ν‹°λ΅¤,3,μ΄ μ£Όλ³€μ— κ΄μ°®μ€ λ°κ°€ κ±°μ μ—†μΌλ‹.,μ΄ μ£Όλ³€μ— κ΄μ°®μ€ λ°κ°€ κ±°μ μ—†μΌλ‹,2019. 08. 20
53,νΈν…”ν‹°λ΅¤,1,λ„λ¬΄ λ³„λ΅μ—μ”. μΉ¨λ€μΈλ° λ°”λ‹¥μΈμ¤„... μμΉ¨ν•΄μ„ λ¬΄μ„μ›μ”,λ„λ¬΄ λ³„λ΅μ—μ” μΉ¨λ€μΈλ° λ°”λ‹¥μΈμ¤„ μμΉ¨ν•΄μ„ λ¬΄μ„μ›μ”,2019. 08. 12
54,νΈν…”ν‹°λ΅¤,4,μ„Έλ©΄λ€ λ¬Όμ΄ μ μ•λΉ μ§€λ”λΌκµ¬μ—¬ γ…  γ… ,μ„Έλ©΄λ€ λ¬Όμ΄ μ μ•λΉ μ§€λ”λΌκµ¬μ—¬ γ…  γ… ,2019. 07. 28
55,νΈν…”ν‹°λ΅¤,5,μ—„λ§λ‘ μ–Έλ‹κ°€ λ¨Έλ¬ΌκΈ° μΆ‹μ€ κ³³ μ΄μ€μµλ‹λ‹¤!,μ—„λ§λ‘ μ–Έλ‹κ°€ λ¨Έλ¬ΌκΈ° μΆ‹μ€ κ³³ μ΄μ€μµλ‹λ‹¤,2019. 07. 22
56,νΈν…”ν‹°λ΅¤,5,μ£Όμ°¨ν•κΈ°μ—λ„ μΆ‹κ³  λ°λ ›λ„ ν•΄μ£Όμ‹λ„¤μ” γ…γ… μ™μ†λ„ λ„λ¬΄ κ΄μ°®κ³  κΉ”λ”ν–μ–΄μ”,μ£Όμ°¨ν•κΈ°μ—λ„ μΆ‹κ³  λ°λ ›λ„ ν•΄μ£Όμ‹λ„¤μ” γ…γ… μ™μ†λ„ λ„λ¬΄ κ΄μ°®κ³  κΉ”λ”ν–μ–΄μ”,2019. 07. 02
57,νΈν…”ν‹°λ΅¤,4,λ² κ°κ°€ μΆ€ λ†’κ³  λΉµλΉµν•΄μ„ μ‚¬μ©μ— λ‹¤μ† λ¶νΈν–μ§€λ§ μ „λ°μ μΌλ΅ λ§μ΅±ν–μ–΄μ”.,λ² κ°κ°€ μΆ€ λ†’κ³  λΉµλΉµν•΄μ„ μ‚¬μ©μ— λ‹¤μ† λ¶νΈν–μ§€λ§ μ „λ°μ μΌλ΅ λ§μ΅±ν–μ–΄μ”,2019. 06. 29
58,νΈν…”ν‹°λ΅¤,1,κ°€κ²©λ€λΉ„ κ΄μ°®μ€ κ³³μ΄μ§€λ§ λ‹΄λ°°λƒ„μƒ λ‚κ³  λ¦¬λ¨μ»¨ μ‘λ™μ΄ μ μ• λμµλ‹λ‹¤.,κ°€κ²©λ€λΉ„ κ΄μ°®μ€ κ³³μ΄μ§€λ§ λ‹΄λ°°λƒ„μƒ λ‚κ³  λ¦¬λ¨μ»¨ μ‘λ™μ΄ μ μ• λμµλ‹λ‹¤,2019. 06. 27
59,νΈν…”ν‹°λ΅¤,4,"λ„λ¬΄λ„λ¬΄ μΆ‹μ•μ–΄μ”~^^
κµν†µμ΄λ‚ μ„μΉ, μ‹μ„¤, νΈμμ„±, 
μ™μ†, μ„λΉ„μ¤, μΉμ λ„ λ‹¤λ‹¤λ‹¤μ”~γ…γ…
μ„μΈκ°λ•λ§λ‹¤ μ—¬κΈ° λ¨Έλ¬΄λ”λ° 
μ•μΌλ΅λ„ κ³„μ† κ·Έλ ¬λ ¤κµ¬μ”γ…λ”λ³΄κΈ°",λ„λ¬΄λ„λ¬΄ μΆ‹μ•μ–΄μ”κµν†µμ΄λ‚ μ„μΉ μ‹μ„¤ νΈμμ„± μ™μ† μ„λΉ„μ¤ μΉμ λ„ λ‹¤λ‹¤λ‹¤μ”γ…γ…μ„μΈκ°λ•λ§λ‹¤ μ—¬κΈ° λ¨Έλ¬΄λ”λ° μ•μΌλ΅λ„ κ³„μ† κ·Έλ ¬λ ¤κµ¬μ”γ…λ”λ³΄κΈ°,2019. 06. 24
60,νΈν…”ν‹°λ΅¤,4,"μ΅°μ©ν μ‰¬λ‹¤κ°‘λ‹λ‹¤.
λ¦¬λ¨λΈλ§ν•κ²ƒ κ°™μ•„ κΉ¨λ—ν•©λ‹λ‹¤.",μ΅°μ©ν μ‰¬λ‹¤κ°‘λ‹λ‹¤λ¦¬λ¨λΈλ§ν•κ²ƒ κ°™μ•„ κΉ¨λ—ν•©λ‹λ‹¤,2019. 06. 22
61,νΈν…”ν‹°λ΅¤,4,"νΈν…”μ„μΉμƒ μ΄λ¦¬μ €λ¦¬ μ›€μ§μ΄κΈ°μ— λ„λ¬΄ νΈν• κµν†µ, μ£Όλ³€ νΈμ μ‹μ„¤λ„ μλμμ—κ³  μ„λΉ„μ¤λ‚ μΉμ λ„λ„ μΆ‹μ•μ–΄μ”γ…γ… κ·Όλ° κ°μ‹¤μ΄ μ²­μ†κ°€ μ΅°κΈ μ§€μ €λ¶„ ν–μ–΄μ”γ…  μ΄ λ¶€λ¶„λ§ μ‹ κ²½ μΆ€ λ” μ¨μ£Όμ‹ λ‹¤λ©΄ κ°€κ²©λ„ μ €λ ΄ν•κ³  λ‹¤ κ°–μ¶ λ„λ¬΄ μΆ‹μ€ νΈν…”μ΄ λ κ²ƒ κ°™μ•„μ”~^^",νΈν…”μ„μΉμƒ μ΄λ¦¬μ €λ¦¬ μ›€μ§μ΄κΈ°μ— λ„λ¬΄ νΈν• κµν†µ μ£Όλ³€ νΈμ μ‹μ„¤λ„ μλμμ—κ³  μ„λΉ„μ¤λ‚ μΉμ λ„λ„ μΆ‹μ•μ–΄μ”γ…γ… κ·Όλ° κ°μ‹¤μ΄ μ²­μ†κ°€ μ΅°κΈ μ§€μ €λ¶„ ν–μ–΄μ”γ…  μ΄ λ¶€λ¶„λ§ μ‹ κ²½ μΆ€ λ” μ¨μ£Όμ‹ λ‹¤λ©΄ κ°€κ²©λ„ μ €λ ΄ν•κ³  λ‹¤ κ°–μ¶ λ„λ¬΄ μΆ‹μ€ νΈν…”μ΄ λ κ²ƒ κ°™μ•„μ”,2019. 06. 20
62,νΈν…”ν‹°λ΅¤,5,μ¤μΌ€μ¤„μ„ μ†ν™”ν•κΈ°μ— μ •λ§ νΈν•κ³  μΆ‹μ•μµλ‹λ‹¤,μ¤μΌ€μ¤„μ„ μ†ν™”ν•κΈ°μ— μ •λ§ νΈν•κ³  μΆ‹μ•μµλ‹λ‹¤,2019. 04. 30
63,νΈν…”ν‹°λ΅¤,5,μ‹μ„¤λ„ μΆ‹κ³  κ΄μ°®μ€λ° λ°©μμ΄μΆ€....,μ‹μ„¤λ„ μΆ‹κ³  κ΄μ°®μ€λ° λ°©μμ΄μΆ€,2019. 04. 23
64,νΈν…”ν‹°λ΅¤,4,"μ—­μ—μ„ κ°€κΉκ³ , μ„μΉλ„ μΆ‹μ•„μ”.
μ§μ›λ¶„λ“¤ μ—„μ²­ μΉμ ν•μ‹  λ¶„λ„ μκ³  λκ² λ¶μΉμ ν• λ¶„λ„ μμ–΄μ”.
μ²­μ†ν•΄μ£Όμ‹λ” λ¶„λ“¤μ΄ λ” μΉμ ν•μ…”μ”.
μ—¬νΌ μ—°λ°•ν•λ©΄μ„ λ¶μΉμ ν•λ¶„λ„ λ§λ‚μ„ λ³„λ΅μ€μ§€λ§ μΉμ ν•μ‹ λ¶„ κ³„μ…¨μΌλ‹ μΆ‹μ€ κΈ°μ–µλ§ λ‚¨κΈ°λ ¤κ³ μ”.

μ΅°μ‹λ·”νλ” λ”°λ΅ μ—†κ³  νΈν…” λ°‘μ— μλ” μ‹λ‹Ήμ—μ„ μ μ‹¬μ— ν•μ‹λ·”νλ¥Ό ν•΄μ”. 7000μ›μΈλ° λΉµλ„ μκ³  λ°¥λ„ μμ–΄μ”.
λ§¤μΌ λ°μ°¬μ€ λ°”λ€λ‹¤κ³  ν•κ³  λ§›λ„ κ΄μ°®μ•„μ”.λ”λ³΄κΈ°",μ—­μ—μ„ κ°€κΉκ³  μ„μΉλ„ μΆ‹μ•„μ”μ§μ›λ¶„λ“¤ μ—„μ²­ μΉμ ν•μ‹  λ¶„λ„ μκ³  λκ² λ¶μΉμ ν• λ¶„λ„ μμ–΄μ”μ²­μ†ν•΄μ£Όμ‹λ” λ¶„λ“¤μ΄ λ” μΉμ ν•μ…”μ”μ—¬νΌ μ—°λ°•ν•λ©΄μ„ λ¶μΉμ ν•λ¶„λ„ λ§λ‚μ„ λ³„λ΅μ€μ§€λ§ μΉμ ν•μ‹ λ¶„ κ³„μ…¨μΌλ‹ μΆ‹μ€ κΈ°μ–µλ§ λ‚¨κΈ°λ ¤κ³ μ”μ΅°μ‹λ·”νλ” λ”°λ΅ μ—†κ³  νΈν…” λ°‘μ— μλ” μ‹λ‹Ήμ—μ„ μ μ‹¬μ— ν•μ‹λ·”νλ¥Ό ν•΄μ” μ›μΈλ° λΉµλ„ μκ³  λ°¥λ„ μμ–΄μ”λ§¤μΌ λ°μ°¬μ€ λ°”λ€λ‹¤κ³  ν•κ³  λ§›λ„ κ΄μ°®μ•„μ”λ”λ³΄κΈ°,2019. 04. 17
65,νΈν…”ν‹°λ΅¤,3,κΉ”λ”ν•©λ‹λ‹¤ κ·Όλ° λ³„κ΄€μ€ μ£Όλ³€ λ¶„μ„κ°€ λ³„λ΅λ„¤μ”,κΉ”λ”ν•©λ‹λ‹¤ κ·Όλ° λ³„κ΄€μ€ μ£Όλ³€ λ¶„μ„κ°€ λ³„λ΅λ„¤μ”,2019. 04. 14
66,νΈν…”ν‹°λ΅¤,5,κΉ¨λ—ν•κ³  μ΅°μ©ν•κ³  μ ‘κ·Όμ„±λ„ μΆ‹κ³  μ•„μ£Ό μΆ‹λ„¤μ”,κΉ¨λ—ν•κ³  μ΅°μ©ν•κ³  μ ‘κ·Όμ„±λ„ μΆ‹κ³  μ•„μ£Ό μΆ‹λ„¤μ”,2019. 04. 07
67,νΈν…”ν‹°λ΅¤,2,"μ—­μ΄λ‘ κ°€κΉκ³  μ§μ›λ¶„λ“¤μ΄ μΉμ ν•΄μ„ μΆ‹μ•λ”λ°μ”.
λ‹¤λ§ μ΄λ¶μ— κ²€μ€ λ¨Όμ§€κ°€ μΆ€ μκ³  μκ±΄μ—μ„ λ¨Έλ¦¬μΉ΄λ½λ­‰μΉκ°€ λ°κ²¬λΌμ„ μ΅°κΈ λ¶μΎν–μ–΄μ”. 
μ„μƒλ§ μ μ΅νλ‹¤λ©΄ μ •λ§ μΆ‹μ„κ²ƒκ°™μµλ‹λ‹¤.",μ—­μ΄λ‘ κ°€κΉκ³  μ§μ›λ¶„λ“¤μ΄ μΉμ ν•΄μ„ μΆ‹μ•λ”λ°μ”λ‹¤λ§ μ΄λ¶μ— κ²€μ€ λ¨Όμ§€κ°€ μΆ€ μκ³  μκ±΄μ—μ„ λ¨Έλ¦¬μΉ΄λ½λ­‰μΉκ°€ λ°κ²¬λΌμ„ μ΅°κΈ λ¶μΎν–μ–΄μ” μ„μƒλ§ μ μ΅νλ‹¤λ©΄ μ •λ§ μΆ‹μ„κ²ƒκ°™μµλ‹λ‹¤,2019. 03. 10
68,νΈν…”ν‹°λ΅¤,4,μΉ¨κµ¬μ— κ²€μ€λ¨Όμ§€λ§ μ•„λ‹λ©΄ μ—„μ²­ κΉ¨λ—ν•΄μ” κ·Έλ¦¬κ³  λ‚λ°© λ„λ¬΄ λ”μ›μ”,μΉ¨κµ¬μ— κ²€μ€λ¨Όμ§€λ§ μ•„λ‹λ©΄ μ—„μ²­ κΉ¨λ—ν•΄μ” κ·Έλ¦¬κ³  λ‚λ°© λ„λ¬΄ λ”μ›μ”,2019. 03. 01
69,νΈν…”ν‹°λ΅¤,1,"μ‚¬μ°λ‚μΈμ¤„ μ•μ•μµλ‹λ‹¤
μ„Έμƒ λ‚λ°©μ„ λ¬΄μ¨κΈ°μ¤€μΌλ΅ νΈλ”μ§€
λ™μ κΈ°λΌ μ—μ–΄μ»¨μ€ λ»μ“°κ³ 
μ°½λ¬Έμ—΄μΌλΌλ”λ° λ―Έμ„Έλ¨Όμ§€ κ²½λ³΄μΈλ¦¬λ”λ°μ”..
μ¤λμλ‚ μ”¨λ” λ³΄μ‹λ©΄μ„ λ‚λ°©μ„ ν•΄μ£Όμ…¨μΌλ©΄..λ”λ³΄κΈ°",μ‚¬μ°λ‚μΈμ¤„ μ•μ•μµλ‹λ‹¤μ„Έμƒ λ‚λ°©μ„ λ¬΄μ¨κΈ°μ¤€μΌλ΅ νΈλ”μ§€λ™μ κΈ°λΌ μ—μ–΄μ»¨μ€ λ»μ“°κ³ μ°½λ¬Έμ—΄μΌλΌλ”λ° λ―Έμ„Έλ¨Όμ§€ κ²½λ³΄μΈλ¦¬λ”λ°μ”μ¤λμλ‚ μ”¨λ” λ³΄μ‹λ©΄μ„ λ‚λ°©μ„ ν•΄μ£Όμ…¨μΌλ©΄λ”λ³΄κΈ°,2019. 02. 28
70,νΈν…”ν‹°λ΅¤,5,μ μ‰¬μ—λ‹¤ κ°‘λ‹λ‹¤ κ°€λ΅μκΈΈμ΄λ‘λ„ κ°€κΉμ›μ„ κ΄μ°®μ•μ–΄μ”,μ μ‰¬μ—λ‹¤ κ°‘λ‹λ‹¤ κ°€λ΅μκΈΈμ΄λ‘λ„ κ°€κΉμ›μ„ κ΄μ°®μ•μ–΄μ”,2019. 02. 23
71,νΈν…”ν‹°λ΅¤,4,"κΉ”λ”ν•κ³  κ΄μ°®μ•μ–΄μ”.  μƒ΄ν‘Έλ¦°μ¤λ°”λ””μ›μ‹, μΉμ•½μΉ«μ†”, λ“λΌμ΄κΈ° λ“± κΌ­ν•„μ”ν•κ±΄ λ‹¤μμ–΄μ„ νΈν–κ³  ν…μ΄λΈ”μλ”κ²ƒλ„ μΆ‹μ•μ–΄μ”~ μƒμλ„ 4κ°λ‚μμ–΄μ„ μ¶©λ¶„ν–κ³ μ”.
κ·Όλ° 708νΈ μ‚¬μ©ν–λ”λ° μ „λ“±μ΄ κ³ μ¥λ‚¬λ”μ§€ μ•κΊΌμ§€λ”λΌκ³ μ”. μƒλ²½λ¦κ²μ•μ•„μ„ κ·Έμ μ„ λ°©μ®κΈ°κΈ°λ„ κ·€μ°®κ³  ν•΄κ²°λ°©λ²•μ΄μ—†μ„κ²ƒκ°™μ•„ κ·Έλƒ¥ λ°©ν‚¤λ½‘κ³  μ¤μ–΄μ”. 
λ¶μ΄μ•κΊΌμ΅λ‹¤λ”μ  λ§κ³ λ” λ‹¤ λ§μ΅±μ¤λ¬μ› λ”λ°  μΆ€ μ¶©κ²©λ¨Ήμ—λ„¤μ”. μ „λ“±λ¶μ΄μ•κΊΌμ§€λ‹¤λ‹..γ…‹γ…‹",κΉ”λ”ν•κ³  κ΄μ°®μ•μ–΄μ”  μƒ΄ν‘Έλ¦°μ¤λ°”λ””μ›μ‹ μΉμ•½μΉ«μ†” λ“λΌμ΄κΈ° λ“± κΌ­ν•„μ”ν•κ±΄ λ‹¤μμ–΄μ„ νΈν–κ³  ν…μ΄λΈ”μλ”κ²ƒλ„ μΆ‹μ•μ–΄μ” μƒμλ„ κ°λ‚μμ–΄μ„ μ¶©λ¶„ν–κ³ μ”κ·Όλ° νΈ μ‚¬μ©ν–λ”λ° μ „λ“±μ΄ κ³ μ¥λ‚¬λ”μ§€ μ•κΊΌμ§€λ”λΌκ³ μ” μƒλ²½λ¦κ²μ•μ•„μ„ κ·Έμ μ„ λ°©μ®κΈ°κΈ°λ„ κ·€μ°®κ³  ν•΄κ²°λ°©λ²•μ΄μ—†μ„κ²ƒκ°™μ•„ κ·Έλƒ¥ λ°©ν‚¤λ½‘κ³  μ¤μ–΄μ” λ¶μ΄μ•κΊΌμ΅λ‹¤λ”μ  λ§κ³ λ” λ‹¤ λ§μ΅±μ¤λ¬μ› λ”λ°  μΆ€ μ¶©κ²©λ¨Ήμ—λ„¤μ” μ „λ“±λ¶μ΄μ•κΊΌμ§€λ‹¤λ‹γ…‹γ…‹,2019. 02. 18
72,νΈν…”ν‹°λ΅¤,4,"μ‹μ„¤μ΄ κΈ°λ€λ³΄λ‹¤ λ„ μΆ‹κ³  κΉ”λ”ν–μ–΄μ”
μκ±΄ μ²­κ²°μ— μ΅°κΈ λ” μ‹ κ²½ μ¨μ£Όμ‹λ©΄ μΆ‹μ„ κ²ƒ κ°™λ„¤μ”",μ‹μ„¤μ΄ κΈ°λ€λ³΄λ‹¤ λ„ μΆ‹κ³  κΉ”λ”ν–μ–΄μ”μκ±΄ μ²­κ²°μ— μ΅°κΈ λ” μ‹ κ²½ μ¨μ£Όμ‹λ©΄ μΆ‹μ„ κ²ƒ κ°™λ„¤μ”,2019. 02. 12
73,νΈν…”ν‹°λ΅¤,2,κΉ¨λ—ν•κ³  κ°€μ΅±λΌλ¦¬ λ¨Έλ¬ΌκΈ° λ¬΄λ‚ν•¨.λ‚λ°©μ΄ λ„λ¬΄λ”μ›€.,κΉ¨λ—ν•κ³  κ°€μ΅±λΌλ¦¬ λ¨Έλ¬ΌκΈ° λ¬΄λ‚ν•¨λ‚λ°©μ΄ λ„λ¬΄λ”μ›€,2019. 02. 10
74,νΈν…”ν‹°λ΅¤,5,μΆ‹μ•„μ” μ΄λ¶μ΄λ‘ λ² κ²μ— κ²€μ€λ¨Όμ§€κ°€μΆ€,μΆ‹μ•„μ” μ΄λ¶μ΄λ‘ λ² κ²μ— κ²€μ€λ¨Όμ§€κ°€μΆ€,2019. 01. 18
75,νΈν…”ν‹°λ΅¤,2,"ν›„λ΅ νΈμ— κ³„μ‹ λ¶„μ€ λ„λ¬΄λ„λ¬΄λ„λ¬΄ μΉμ ν•μ‹κ³  μ €λ ΄ν• κ°€κ²©μ— μΆ‹μ€κ³³μ—μ„ μ¤λ”λ° μ΄λ¶μ—κ²€μ •λ¨Όμ§€κ°€ λ„λ¬΄ λ§λ”λΌκµ¬μ”....
λ§μ”€λ“λ Έλ”λ‹ λ―Έμ„Έλ¨Όμ§€λ•λ¬Έμ΄λΌν•μ…¨λ”λ°...λ‹¤λ¥Έκ³³μ€ μ•κ·Έλ°λ°...γ… γ… γ… μ™Έμ¶ ν›„ λ‹¤μ‹ λ“¤μ–΄μ™€μ„ λ³΄λ‹ μ£½μ€ κ°λ―Έλ„ μμ—κ³  λ”±λ”±ν• μ‘μ€ λ¨Όμ§€λ“¤μ΄λ§μ•λ„¤μ”..μ§§μ€λ¨Έλ¦¬μΉ΄λ½λ„ λ³΄μ€κµ¬μ”...λ‡λ² λ” μ¤κ³  μ‹¶μ§€λ§ μ„μƒμ— μΆ€ μ‹ κ²½μ¨μ£ΌμƒΈμΌλ©΄ μΆ‹κ² μ–΄μ”γ… γ… ",ν›„λ΅ νΈμ— κ³„μ‹ λ¶„μ€ λ„λ¬΄λ„λ¬΄λ„λ¬΄ μΉμ ν•μ‹κ³  μ €λ ΄ν• κ°€κ²©μ— μΆ‹μ€κ³³μ—μ„ μ¤λ”λ° μ΄λ¶μ—κ²€μ •λ¨Όμ§€κ°€ λ„λ¬΄ λ§λ”λΌκµ¬μ”λ§μ”€λ“λ Έλ”λ‹ λ―Έμ„Έλ¨Όμ§€λ•λ¬Έμ΄λΌν•μ…¨λ”λ°λ‹¤λ¥Έκ³³μ€ μ•κ·Έλ°λ°γ… γ… γ… μ™Έμ¶ ν›„ λ‹¤μ‹ λ“¤μ–΄μ™€μ„ λ³΄λ‹ μ£½μ€ κ°λ―Έλ„ μμ—κ³  λ”±λ”±ν• μ‘μ€ λ¨Όμ§€λ“¤μ΄λ§μ•λ„¤μ”μ§§μ€λ¨Έλ¦¬μΉ΄λ½λ„ λ³΄μ€κµ¬μ”λ‡λ² λ” μ¤κ³  μ‹¶μ§€λ§ μ„μƒμ— μΆ€ μ‹ κ²½μ¨μ£ΌμƒΈμΌλ©΄ μΆ‹κ² μ–΄μ”γ… γ… ,2019. 01. 13
76,νΈν…”ν‹°λ΅¤,5,νΈν•κ² μ‰¬λ‹¤ κ°‘λ‹λ‹¤ pcμ—†λ”κ² μ•„μ‰¬μ›μ”,νΈν•κ² μ‰¬λ‹¤ κ°‘λ‹λ‹¤ μ—†λ”κ² μ•„μ‰¬μ›μ”,2019. 01. 10
77,νΈν…”ν‹°λ΅¤,2,μ†κ±΄λ¬Ό λ‚®μ€μΈµμ— λ¬¶μ—λ”λ° 1μΈµμ€ μ ν¥μ—…μ†λ©° λ³„κ΄€μΈ κ·Έκ³³μ€ μ ν¥μ—…μ† μ…κµ¬μ™€ ν•¨κ» μμ–΄μ„ λ§μ΄ λ¶μΎν–μµλ‹λ‹¤,μ†κ±΄λ¬Ό λ‚®μ€μΈµμ— λ¬¶μ—λ”λ° μΈµμ€ μ ν¥μ—…μ†λ©° λ³„κ΄€μΈ κ·Έκ³³μ€ μ ν¥μ—…μ† μ…κµ¬μ™€ ν•¨κ» μμ–΄μ„ λ§μ΄ λ¶μΎν–μµλ‹λ‹¤,2019. 01. 06
78,νΈν…”ν‹°λ΅¤,4,μ„±μκΈ°μ„μ—λ„ λ¶κµ¬ν•κ³  μ €λ ΄ν• κΈμ•΅μΌλ΅ μ μ‰¬μ—μµλ‹λ‹¤.,μ„±μκΈ°μ„μ—λ„ λ¶κµ¬ν•κ³  μ €λ ΄ν• κΈμ•΅μΌλ΅ μ μ‰¬μ—μµλ‹λ‹¤,2019. 01. 04
79,νΈν…”ν‹°λ΅¤,5,μΈν…λ¦¬μ–΄κ°€ μ•½κ°„ μ¬λ“ν–μ§€λ§ μ „λ°μ μΌλ΅ λ§μ΅±ν–μµλ‹λ‹¤,μΈν…λ¦¬μ–΄κ°€ μ•½κ°„ μ¬λ“ν–μ§€λ§ μ „λ°μ μΌλ΅ λ§μ΅±ν–μµλ‹λ‹¤,2019. 01. 02
80,νΈν…”ν‹°λ΅¤,5,κΉ¨λ—ν•κ³  λ‹¤ μΆ‹μ•μ–΄μ” μ¬λ°©λ¬Έμμ‚¬ μμ–΄μ”^^,κΉ¨λ—ν•κ³  λ‹¤ μΆ‹μ•μ–΄μ” μ¬λ°©λ¬Έμμ‚¬ μμ–΄μ”,2018. 12. 16
81,νΈν…”ν‹°λ΅¤,5,μ‹ μ‚¬μ—­ 4λ²μ¶κµ¬μ—μ„ κ°€κΉκ³  κΉ¨λ—ν•κ³  λ°© λ„“κ³  μΆ‹μ•μ–΄μ”. λ‚λ°©λ„ λ”°λν•λ‹ μΆ‹μ•κ³ μ”. λ‹¤λ§ κ²¨μΈμ— λ‚λ°©μ΄ κ°•ν•΄μ„ κ·Έλ°μ§€ μΆ€ λ„λ¬΄ κ±΄μ΅°ν•΄μ„ νλ“¤κΈ΄ ν–μ–΄μ”. κ·Έλλ„ λ§μ΅±μ¤λ¬μ΄ μ™λ°•μ΄μ—μ–΄μ”!,μ‹ μ‚¬μ—­ λ²μ¶κµ¬μ—μ„ κ°€κΉκ³  κΉ¨λ—ν•κ³  λ°© λ„“κ³  μΆ‹μ•μ–΄μ” λ‚λ°©λ„ λ”°λν•λ‹ μΆ‹μ•κ³ μ” λ‹¤λ§ κ²¨μΈμ— λ‚λ°©μ΄ κ°•ν•΄μ„ κ·Έλ°μ§€ μΆ€ λ„λ¬΄ κ±΄μ΅°ν•΄μ„ νλ“¤κΈ΄ ν–μ–΄μ” κ·Έλλ„ λ§μ΅±μ¤λ¬μ΄ μ™λ°•μ΄μ—μ–΄μ”,2018. 12. 16
82,νΈν…”ν‹°λ΅¤,4,μ—¬κΈ° κΉ”λ”ν•΄μ„ λ„λ¬΄ μΆ‹μ•μ–΄μ” γ…γ… κ³ μ†ν„°λ―Έλ„ μΈκ·Ό κ°€μ„±λΉ„ μµκ³ ,μ—¬κΈ° κΉ”λ”ν•΄μ„ λ„λ¬΄ μΆ‹μ•μ–΄μ” γ…γ… κ³ μ†ν„°λ―Έλ„ μΈκ·Ό κ°€μ„±λΉ„ μµκ³ ,2018. 12. 14
83,λ΅―λ°νΈν…” μ›”λ“,5,μ§μ›λ“¤ λ„λ¬΄ μΉμ  μµκ³ . λ°©λ„ κΉ¨λ—. μΈμ„μ μΈ λ°©ν–¥μ  λƒ„μƒ μ•λ‚κ³  λ‹΄λ°°λƒ„μƒλ„ μ•λ‚¨.,μ§μ›λ“¤ λ„λ¬΄ μΉμ  μµκ³  λ°©λ„ κΉ¨λ— μΈμ„μ μΈ λ°©ν–¥μ  λƒ„μƒ μ•λ‚κ³  λ‹΄λ°°λƒ„μƒλ„ μ•λ‚¨,2021. 08. 24
84,λ΅―λ°νΈν…” μ›”λ“,5,"μ—­μ‹ 5μ„±κΈ‰νΈν…”μ΄λ„¤μ” 
λ£Έμ„λΉ„μ¤λ„ μΆ‹μ•μ–΄μ”!",μ—­μ‹ μ„±κΈ‰νΈν…”μ΄λ„¤μ” λ£Έμ„λΉ„μ¤λ„ μΆ‹μ•μ–΄μ”,2021. 07. 18
85,λ΅―λ°νΈν…” μ›”λ“,4,ν΄λ½λΌμ΄μ§€ μ΄μ©ν–μ–΄μ”. κ΄μ°®μ•μµλ‹λ‹¤.,ν΄λ½λΌμ΄μ§€ μ΄μ©ν–μ–΄μ” κ΄μ°®μ•μµλ‹λ‹¤,2021. 07. 16
86,λ΅―λ°νΈν…” μ›”λ“,5,λ£Έ μ»¨λ””μ… ν™•μΈ ν›„ μ„Έλ©΄λ€ λ¬Ό λΉ μ§μ΄ λμ§€ μ•μ•„μ„ λ§μ”€λ“λ Έλ”λ‹ λΉ λ¥Έ λ£Έμ²΄μΈμ§€ ν•΄μ£Όμ…”μ„ νΈν•κ² μμ„ μ μμ—μ–΄μ”~,λ£Έ μ»¨λ””μ… ν™•μΈ ν›„ μ„Έλ©΄λ€ λ¬Ό λΉ μ§μ΄ λμ§€ μ•μ•„μ„ λ§μ”€λ“λ Έλ”λ‹ λΉ λ¥Έ λ£Έμ²΄μΈμ§€ ν•΄μ£Όμ…”μ„ νΈν•κ² μμ„ μ μμ—μ–΄μ”,2021. 07. 01
87,λ΅―λ°νΈν…” μ›”λ“,5,"μ μ‰¬λ‹¤ κ°‘λ‹λ‹¤
κ·Έλλ„ λ΅―λ°λ” λ΅―λ°κµ°μ—¬",μ μ‰¬λ‹¤ κ°‘λ‹λ‹¤κ·Έλλ„ λ΅―λ°λ” λ΅―λ°κµ°μ—¬,2021. 05. 23
88,λ΅―λ°νΈν…” μ›”λ“,2,"ν•λ‹¬μ „μ— μμ•½ν–μμ—λ„ λ¶κ³Όν•κ³  λ΅―λ°μ›”λ“ μ΄λ΅μƒ‰ μ§€λ¶•λ§ λ³΄μ΄λ” μ΄μƒν• λ·°λ΅ λ°°μ •μ΄ λμ—λ”κµ°μ”;; κ²λ‹¤κ°€ ν™•μ‹¤ν μ¤λλμ„ κ·Έλ°μ§€ λ£Έλ„ λ‚΅μ•κµ¬μ”.. νΉν μƒ¤μ› μ‹, μλ„κΌ­μ§€ μ κ·Έλ”κ² μ™ κ·Έλ ‡κ² λ³µμ΅ν•κ³  μ–΄λ ¤μ΄μ§€ μ΄λ¦¬λλ¦¬κ³  μ €λ¦¬λλ ¤μ„ κ²¨μ° μ κ·Έκ³ .. μƒκ°λ³΄λ‹¤ λ³„λ΅μ€μ–΄μ”.",ν•λ‹¬μ „μ— μμ•½ν–μμ—λ„ λ¶κ³Όν•κ³  λ΅―λ°μ›”λ“ μ΄λ΅μƒ‰ μ§€λ¶•λ§ λ³΄μ΄λ” μ΄μƒν• λ·°λ΅ λ°°μ •μ΄ λμ—λ”κµ°μ” κ²λ‹¤κ°€ ν™•μ‹¤ν μ¤λλμ„ κ·Έλ°μ§€ λ£Έλ„ λ‚΅μ•κµ¬μ” νΉν μƒ¤μ› μ‹ μλ„κΌ­μ§€ μ κ·Έλ”κ² μ™ κ·Έλ ‡κ² λ³µμ΅ν•κ³  μ–΄λ ¤μ΄μ§€ μ΄λ¦¬λλ¦¬κ³  μ €λ¦¬λλ ¤μ„ κ²¨μ° μ κ·Έκ³  μƒκ°λ³΄λ‹¤ λ³„λ΅μ€μ–΄μ”,2021. 04. 11
89,λ΅―λ°νΈν…” μ›”λ“,5,λ¨λ“  μ§μ›λ¶„λ“¤μ΄ μΉμ ν–μ–΄μ”. νΈν…” λ‚΄λ¶€λ„ μ΅°μ©ν•κ³  μ΅°μ‹λ„ λ§›μμ—μµλ‹λ‹¤. λ•λ¶„μ— μΆ‹μ€ μ¶”μ–µ λ§λ“¤κ³  κ°€μ”^^,λ¨λ“  μ§μ›λ¶„λ“¤μ΄ μΉμ ν–μ–΄μ” νΈν…” λ‚΄λ¶€λ„ μ΅°μ©ν•κ³  μ΅°μ‹λ„ λ§›μμ—μµλ‹λ‹¤ λ•λ¶„μ— μΆ‹μ€ μ¶”μ–µ λ§λ“¤κ³  κ°€μ”,2021. 04. 11
90,λ΅―λ°νΈν…” μ›”λ“,5,"μ§μ›λ“¤λ„ λ„λ¬΄λ‚ μΉμ ν•μ€κ³  κ°μΌλ„ νΈμ•ν–μµλ‹λ‹¤ / 
λ‹¤μ‹ν•λ² κ°€μ„ λ¨Έλ¬Όκ³  μ‹¶μ€ νΈν…”μ΄μ€μµλ‹λ‹¤",μ§μ›λ“¤λ„ λ„λ¬΄λ‚ μΉμ ν•μ€κ³  κ°μΌλ„ νΈμ•ν–μµλ‹λ‹¤  λ‹¤μ‹ν•λ² κ°€μ„ λ¨Έλ¬Όκ³  μ‹¶μ€ νΈν…”μ΄μ€μµλ‹λ‹¤,2021. 02. 28
91,λ΅―λ°νΈν…” μ›”λ“,5,"μ „λ°μ μΌλ΅ μ¤λλ λλ‚μ—λ„ λ¶κµ¬ν•κ³  μ§μ›λ¶„λ“¤μ΄ λ„λ¬΄ μΉμ ν•΄μ„ λ¨λ“  κ²ƒμ΄ μΆ‹μ•μµλ‹λ‹¤~!
μ΄λ ‡κ² μΉμ ν• κ³³μ„ λ°©λ¬Έν–λ κΈ°μ–µμ΄ μ–Όλ§ μ—†λ”λ° μ •λ§ ν•λ¶„ν•λ¶„ μΉμ ν•μ‹­λ‹λ‹¤.",μ „λ°μ μΌλ΅ μ¤λλ λλ‚μ—λ„ λ¶κµ¬ν•κ³  μ§μ›λ¶„λ“¤μ΄ λ„λ¬΄ μΉμ ν•΄μ„ λ¨λ“  κ²ƒμ΄ μΆ‹μ•μµλ‹λ‹¤μ΄λ ‡κ² μΉμ ν• κ³³μ„ λ°©λ¬Έν–λ κΈ°μ–µμ΄ μ–Όλ§ μ—†λ”λ° μ •λ§ ν•λ¶„ν•λ¶„ μΉμ ν•μ‹­λ‹λ‹¤,2021. 02. 01
92,λ΅―λ°νΈν…” μ›”λ“,5,κΉ”λ”ν•κ³  μ§μ›λ¶„λ“¤μ΄ μΉμ ν•΄μ”,κΉ”λ”ν•κ³  μ§μ›λ¶„λ“¤μ΄ μΉμ ν•΄μ”,2020. 12. 24
93,λ΅―λ°νΈν…” μ›”λ“,5,"μ‹μ„¤μ€ μ¤λλμ–΄μ„ λ‚΅μ•μ§€λ§ κ΄€λ¦¬κ°€ μλμμ–΄ κΉ¨λ—ν•κ³  μ§μ›λ“¤ μΉμ ν•λ„¤μ”. μΈμ ‘μ„±λ„ μΆ‹κ³  μ£Όλ³€ μ‡Όν•‘,λ†€κ±°λ¦¬λ„ λ§μ•„μ„ μΆ‹μ•„μ”.",μ‹μ„¤μ€ μ¤λλμ–΄μ„ λ‚΅μ•μ§€λ§ κ΄€λ¦¬κ°€ μλμμ–΄ κΉ¨λ—ν•κ³  μ§μ›λ“¤ μΉμ ν•λ„¤μ” μΈμ ‘μ„±λ„ μΆ‹κ³  μ£Όλ³€ μ‡Όν•‘λ†€κ±°λ¦¬λ„ λ§μ•„μ„ μΆ‹μ•„μ”,2020. 12. 21
94,λ΅―λ°νΈν…” μ›”λ“,5,"5μ„±κΈ‰λ‹µκ² μΉμ ν•κ³  μ²­κ²°μΆ‹κ³ 
μ ‘κ·Όμ„± μµκ³ μ…λ‹λ‹¤ μ™μ†μ‹μ„¤μ€ μ΅°κΈ μ¤λλμ–΄μ„ κ·Έκ² μ•„μ‰½λ„¤μ”
γ…‡",μ„±κΈ‰λ‹µκ² μΉμ ν•κ³  μ²­κ²°μΆ‹κ³ μ ‘κ·Όμ„± μµκ³ μ…λ‹λ‹¤ μ™μ†μ‹μ„¤μ€ μ΅°κΈ μ¤λλμ–΄μ„ κ·Έκ² μ•„μ‰½λ„¤μ”γ…‡,2020. 11. 29
95,λ΅―λ°νΈν…” μ›”λ“,5,κ°μ‹¤μ΄ μ¤λλμΌλ‚ κ΄€λ¦¬κ°€ μ λμ–΄μ”. κ·Όλ° μ΅°κΈ μ¶”μ› μ–΄μ”. λ‹΄μ” λ‹¬λΌκ³  ν–μ–΄μ”,κ°μ‹¤μ΄ μ¤λλμΌλ‚ κ΄€λ¦¬κ°€ μ λμ–΄μ” κ·Όλ° μ΅°κΈ μ¶”μ› μ–΄μ” λ‹΄μ” λ‹¬λΌκ³  ν–μ–΄μ”,2020. 11. 28
96,λ΅―λ°νΈν…” μ›”λ“,5,μ„μΉκ°€ μ„μΉλ‹λ§νΌ λ„. μ μ£Όλ³€μ‹μ„¤ μ•„μ©ν–μ–΄μ”. μ΅°μ‹λ„ κ΄μ°®μ•„μ”,μ„μΉκ°€ μ„μΉλ‹λ§νΌ λ„ μ μ£Όλ³€μ‹μ„¤ μ•„μ©ν–μ–΄μ” μ΅°μ‹λ„ κ΄μ°®μ•„μ”,2020. 11. 28
97,λ΅―λ°νΈν…” μ›”λ“,4,μ¨λ„ μ΅°μ μ΄ μ•λλ”μ§€ μ¶”μ› μ£½λ”μ¤„ κ·Έμ™Έμ—λ” ν‘Ήμ‰¬λ‹¤ κ°‘λ‹λ‹¤,μ¨λ„ μ΅°μ μ΄ μ•λλ”μ§€ μ¶”μ› μ£½λ”μ¤„ κ·Έμ™Έμ—λ” ν‘Ήμ‰¬λ‹¤ κ°‘λ‹λ‹¤,2020. 11. 23
98,λ΅―λ°νΈν…” μ›”λ“,4,μ§μ›λ¶„λ“¤μ μΉμ ν•¨μ΄ λ„λ¬΄μΆ‹λ„¤μ”,μ§μ›λ¶„λ“¤μ μΉμ ν•¨μ΄ λ„λ¬΄μΆ‹λ„¤μ”,2020. 10. 27
99,λ΅―λ°νΈν…” μ›”λ“,5,"μ›”λ“νƒ€μ›νΈν…”κ³Ό μ‹κ·Έλ‹μ— νΈν…”μ„ ν—·κ°λ Έμ–΄μ” γ… γ…  κ·ΈλΌμ—λ„ λ„λ„ μΉμ ν•κ² μ•λ‚΄ν•΄  μ£Όμ‹κ³  λ°°λ ¤ν•΄μ£Όμ…”μ„ λ§μμ΄ λ„ λ”°λ»ν–μ–΄μ”. 
κ°μ‹¤μ€ λ¬µμ§ν• νΈμ•ν•¨μ΄ μμ–΄μ” μ¤λλΌμ„ λ‚΅μ•μΌλ¦¬λΌ λ―Έλ¦¬ μ‹¤λ§ν–μ—λ”λ° κ·Έλ ‡μ§€ μ•λ”λΌκµ¬μ”.
μΉ¨κµ¬, μ•μ‹¤ λ“±λ“± κ΄€λ¦¬κ°€ λ„ μλμ–΄μμ–΄ μΆ‹μ•μ–΄μ”.
μν™”,  μ•„μΏ μ•„ κ΄€λν•κ³  μ„μ΄νΈμλ„ κ±·κ³  λ„λ„ν–‰λ³µν• 1λ°•2μΌ μ΄μ—μ–΄μ”. 100% μ¬λ°©λ¬Έ ν• κ±°μ—μ§! ^^",μ›”λ“νƒ€μ›νΈν…”κ³Ό μ‹κ·Έλ‹μ— νΈν…”μ„ ν—·κ°λ Έμ–΄μ” γ… γ…  κ·ΈλΌμ—λ„ λ„λ„ μΉμ ν•κ² μ•λ‚΄ν•΄  μ£Όμ‹κ³  λ°°λ ¤ν•΄μ£Όμ…”μ„ λ§μμ΄ λ„ λ”°λ»ν–μ–΄μ” κ°μ‹¤μ€ λ¬µμ§ν• νΈμ•ν•¨μ΄ μμ–΄μ” μ¤λλΌμ„ λ‚΅μ•μΌλ¦¬λΌ λ―Έλ¦¬ μ‹¤λ§ν–μ—λ”λ° κ·Έλ ‡μ§€ μ•λ”λΌκµ¬μ”μΉ¨κµ¬ μ•μ‹¤ λ“±λ“± κ΄€λ¦¬κ°€ λ„ μλμ–΄μμ–΄ μΆ‹μ•μ–΄μ”μν™”  μ•„μΏ μ•„ κ΄€λν•κ³  μ„μ΄νΈμλ„ κ±·κ³  λ„λ„ν–‰λ³µν• λ°•μΌ μ΄μ—μ–΄μ”  μ¬λ°©λ¬Έ ν• κ±°μ—μ§ ,2020. 10. 25
100,λ΅―λ°νΈν…” μ›”λ“,5,λ£Έ κ³³κ³³μ—λ” μ„Έμ›”μ ν”μ μ΄ λ³΄μ…λ‹λ‹¤. νΈν•κ² μ‰¬λ‹¤ κ°‘λ‹λ‹¤.,λ£Έ κ³³κ³³μ—λ” μ„Έμ›”μ ν”μ μ΄ λ³΄μ…λ‹λ‹¤ νΈν•κ² μ‰¬λ‹¤ κ°‘λ‹λ‹¤,2020. 09. 29
101,λ΅―λ°νΈν…” μ›”λ“,5,μ‹μ‚¬λ„ λ§›μκ³  μΉμ ν•κ³  μΆ‹μ•μ–΄μ”,μ‹μ‚¬λ„ λ§›μκ³  μΉμ ν•κ³  μΆ‹μ•μ–΄μ”,2020. 09. 17
102,λ΅―λ°νΈν…” μ›”λ“,4,λ² λ¦¬κµ³..λΉ™μλ‘ μΉν‚¨λ„ λ§›λ‚κ² λ¨Ήμ—μ–΄μ”π¥°π‹,λ² λ¦¬κµ³λΉ™μλ‘ μΉν‚¨λ„ λ§›λ‚κ² λ¨Ήμ—μ–΄μ”,2020. 08. 20
103,λ΅―λ°νΈν…” μ›”λ“,4,"μƒκ²¬λ΅€λ¥Ό μ„ν•΄μ„ λ΅―λ°νΈν…”μ— λ¬µμ—λ”λ°, μ— λ°©λ“¤ λ‹¤ λΉ„μ–΄μλ”λ° μ €μΈµμΌλ΅λ§ μ•λ‚΄ν•΄μ¤€ λ¶€λ¶„ μ μ™Έν•λ©΄ κ΄μ°®μ•μµλ‹λ‹¤",μƒκ²¬λ΅€λ¥Ό μ„ν•΄μ„ λ΅―λ°νΈν…”μ— λ¬µμ—λ”λ° μ— λ°©λ“¤ λ‹¤ λΉ„μ–΄μλ”λ° μ €μΈµμΌλ΅λ§ μ•λ‚΄ν•΄μ¤€ λ¶€λ¶„ μ μ™Έν•λ©΄ κ΄μ°®μ•μµλ‹λ‹¤,2020. 07. 31
104,λ΅―λ°νΈν…” μ›”λ“,4,κ°μΈµλ§λ‹¤ ν΅μ—°μ¥μ†κ°€ μμ—μΌλ©΄ λ” μΆ‹μ•μ„λ“―...,κ°μΈµλ§λ‹¤ ν΅μ—°μ¥μ†κ°€ μμ—μΌλ©΄ λ” μΆ‹μ•μ„λ“―,2020. 07. 16
105,λ΅―λ°νΈν…” μ›”λ“,5,ν΅μ—°μ‹¤μ΄ λ„λ¬΄ λ©€λ‹¤λ”κ²ƒλ§ λΉΌλ©΄ μ•„μ£Ό μΆ‹μ•μ–΄μ”^&,ν΅μ—°μ‹¤μ΄ λ„λ¬΄ λ©€λ‹¤λ”κ²ƒλ§ λΉΌλ©΄ μ•„μ£Ό μΆ‹μ•μ–΄μ”,2020. 07. 16
106,λ΅―λ°νΈν…” μ›”λ“,5,"μ•„μ£ΌμΉμ ν•κ³  κµν†µλ„ νΈν•΄μ„ λ§μ΅±μ¤λ½μµλ‹λ‹¤
ν•μ§€λ§ μ‹μ„¤μ€ μ•½κ°„ λ…Έν›„κ°€ λμ–΄μ„ μ „λ“±μ΄ λ‚κ°€μκ±°λ‚ ν‚¤κ³  λλ• μ§μ ‘ ν•΄μ•Όν•λ”λ¶€λ¶„μ΄ μμ",μ•„μ£ΌμΉμ ν•κ³  κµν†µλ„ νΈν•΄μ„ λ§μ΅±μ¤λ½μµλ‹λ‹¤ν•μ§€λ§ μ‹μ„¤μ€ μ•½κ°„ λ…Έν›„κ°€ λμ–΄μ„ μ „λ“±μ΄ λ‚κ°€μκ±°λ‚ ν‚¤κ³  λλ• μ§μ ‘ ν•΄μ•Όν•λ”λ¶€λ¶„μ΄ μμ,2020. 06. 28
107,λ΅―λ°νΈν…” μ›”λ“,5,λ„λ¬΄λ„λ¬΄ μΉμ ν•κ² μ‘λ€ν•΄ μ£Όμ…”μ„ λ„ κ°μ‚¬ν•΄μ”π‘,λ„λ¬΄λ„λ¬΄ μΉμ ν•κ² μ‘λ€ν•΄ μ£Όμ…”μ„ λ„ κ°μ‚¬ν•΄μ”,2020. 06. 28
108,λ΅―λ°νΈν…” μ›”λ“,5,μ§μ›λ¶„λ“¤λ„ μ—„μ²­ μΉμ ν•μ‹κ³  μΆ‹μ•μµλ‹λ‹¤!!,μ§μ›λ¶„λ“¤λ„ μ—„μ²­ μΉμ ν•μ‹κ³  μΆ‹μ•μµλ‹λ‹¤,2020. 06. 03
109,λ΅―λ°νΈν…” μ›”λ“,5,λ§¤λ² κ°€λ”κ³³μ΄μ§€λ§ ν•­μƒ μΆ‹λ„¤μ©,λ§¤λ² κ°€λ”κ³³μ΄μ§€λ§ ν•­μƒ μΆ‹λ„¤μ©,2020. 05. 31
110,λ΅―λ°νΈν…” μ›”λ“,5,"λ·°λ„ μΆ‹κ³ , λ¶€λ€μ‹μ„¤λ“¤λ„ μΆ‹κ³ , μ£Όλ³€ μ¦κΈΈκ±°λ¦¬λ„ λ§κ³ 
μ—­μ‹ λ΅―λ°",λ·°λ„ μΆ‹κ³  λ¶€λ€μ‹μ„¤λ“¤λ„ μΆ‹κ³  μ£Όλ³€ μ¦κΈΈκ±°λ¦¬λ„ λ§κ³ μ—­μ‹ λ΅―λ°,2020. 05. 28
111,λ΅―λ°νΈν…” μ›”λ“,5,κ°€κ²©μ΄ μ‹Έμ§„ μ•μ§€λ§ λ§μ΅±λ„λ” λ¨Έλ¬Όλ¬λ³Έ μ™μ† μ¤‘ μµκ³ μ€μ. μ΅°μ‹κ³Ό κ°„μ‹κΉμ§€ λ¨λ‘ λ€λ§μ΅±μ…λ‹λ‹¤.,κ°€κ²©μ΄ μ‹Έμ§„ μ•μ§€λ§ λ§μ΅±λ„λ” λ¨Έλ¬Όλ¬λ³Έ μ™μ† μ¤‘ μµκ³ μ€μ μ΅°μ‹κ³Ό κ°„μ‹κΉμ§€ λ¨λ‘ λ€λ§μ΅±μ…λ‹λ‹¤,2020. 05. 18
112,λ΅―λ°νΈν…” μ›”λ“,4,μ¤λλλλ‚ λΉΌλ©΄ μ„μΉλ„ μΆ‹κ³  κΉ¨λ—ν•κ³  μΆ‹μ•„μ”,μ¤λλλλ‚ λΉΌλ©΄ μ„μΉλ„ μΆ‹κ³  κΉ¨λ—ν•κ³  μΆ‹μ•„μ”,2020. 05. 17
113,λ΅―λ°νΈν…” μ›”λ“,4,"μ „λ§μ΄ μΆ‹λ„¤μ” μΉμ ν•κ³  κΉ¨λ—ν•©λ‹λ‹¤
λ‚΄μΌ μ•„μΉ¨ μ΅°μ‹ κΈ°λ€λλ„¤μ”",μ „λ§μ΄ μΆ‹λ„¤μ” μΉμ ν•κ³  κΉ¨λ—ν•©λ‹λ‹¤λ‚΄μΌ μ•„μΉ¨ μ΅°μ‹ κΈ°λ€λλ„¤μ”,2020. 04. 30
114,λ΅―λ°νΈν…” μ›”λ“,5,"μ§€κΈ μ½”λ΅λ‚λ•λ¬Έμ— λ‹¤λ“¤ κ±±μ •μ΄ λ§μ€λ° νΈν…”μ§μ›λ¶„λ“¤μ΄ μ² μ €ν•κ² λ€μ²ν•κ³  κ³„μ…”μ„ μ•μ‹¬ν•κ³  ν‘Ή μ‰΄μμμ—μ–΄μ”. μ„μΉ, μ‹μ„¤λ„ μΆ‹κ³  μ΅°μ‹ λ„λ¬΄ λ§›μμ—μ–΄μ”.",μ§€κΈ μ½”λ΅λ‚λ•λ¬Έμ— λ‹¤λ“¤ κ±±μ •μ΄ λ§μ€λ° νΈν…”μ§μ›λ¶„λ“¤μ΄ μ² μ €ν•κ² λ€μ²ν•κ³  κ³„μ…”μ„ μ•μ‹¬ν•κ³  ν‘Ή μ‰΄μμμ—μ–΄μ” μ„μΉ μ‹μ„¤λ„ μΆ‹κ³  μ΅°μ‹ λ„λ¬΄ λ§›μμ—μ–΄μ”,2020. 04. 27
115,λ΅―λ°νΈν…” μ›”λ“,5,κ°λ•λ§λ‹¤ λλΌλ”κ±°μ§€λ§ μµκ³ μ…λ‹λ‹¤.,κ°λ•λ§λ‹¤ λλΌλ”κ±°μ§€λ§ μµκ³ μ…λ‹λ‹¤,2020. 04. 11
116,λ΅―λ°νΈν…” μ›”λ“,5,μ½”λ΅λ‚19 λ•λ¬Έμ— μ‹ κ²½μ„ λ§μ΄ μ“°λ” κ²ƒ κ°™μ•κ³  μ§μ›λ“¤ λ¨λ‘κ°€ λ§¤μ° μΉμ ν•μ€μµλ‹λ‹¤.,μ½”λ΅λ‚ λ•λ¬Έμ— μ‹ κ²½μ„ λ§μ΄ μ“°λ” κ²ƒ κ°™μ•κ³  μ§μ›λ“¤ λ¨λ‘κ°€ λ§¤μ° μΉμ ν•μ€μµλ‹λ‹¤,2020. 03. 08
117,λ΅―λ°νΈν…” μ›”λ“,5,"ν•λ£¨ μ •λ§ νΈμ•ν•κ² μ§€λ‚΄κ³  μ™”κ³ 
λ‹¤λ“¤ μΉμ ν•΄μ„ μΆ‹μ•μµλ‹λ‹¤",ν•λ£¨ μ •λ§ νΈμ•ν•κ² μ§€λ‚΄κ³  μ™”κ³ λ‹¤λ“¤ μΉμ ν•΄μ„ μΆ‹μ•μµλ‹λ‹¤,2020. 03. 02
118,λ΅―λ°νΈν…” μ›”λ“,4,μ ‘κ·Όμ„±κ³Ό μ„λΉ„μ¤λ” λ§¤μ° μΆ‹μΌλ‚ κ°μ‹¤ λ‚΄λ¶€λ” κ°€κ²©μ— λΉ„ν•΄ μ΅°κΈ μ•„μ‰¬μ› μµλ‹λ‹¤.,μ ‘κ·Όμ„±κ³Ό μ„λΉ„μ¤λ” λ§¤μ° μΆ‹μΌλ‚ κ°μ‹¤ λ‚΄λ¶€λ” κ°€κ²©μ— λΉ„ν•΄ μ΅°κΈ μ•„μ‰¬μ› μµλ‹λ‹¤,2020. 02. 28
119,λ΅―λ°νΈν…” μ›”λ“,5,μ‹μ„¤λ„ κ΄μ°®κ³  μ•Όκ²½λ„ λ„λ¬΄ μΆ‹λ„¤μ—¬ γ…γ…,μ‹μ„¤λ„ κ΄μ°®κ³  μ•Όκ²½λ„ λ„λ¬΄ μΆ‹λ„¤μ—¬ γ…γ…,2020. 02. 27
120,λ΅―λ°νΈν…” μ›”λ“,5,μ—­μ‹ μ„μΈνΉκΈ‰νΈν…”μ΄λΌκ·Έλ°μ§€ μ„λΉ„μ¤κ°€ μ •λ§ μΆ‹μ•μ–΄μ”γ…  μ‚¬μ°λ‚λ„ μΆ‹κ³  ν—¬μ¤μ¥λ„ μΆ‹λ„¤μ” κΈ°λ¶„μΆ‹κ² λ¨Έλ¬Όλ‹¤κ°‘λ‹λ‹¤~,μ—­μ‹ μ„μΈνΉκΈ‰νΈν…”μ΄λΌκ·Έλ°μ§€ μ„λΉ„μ¤κ°€ μ •λ§ μΆ‹μ•μ–΄μ”γ…  μ‚¬μ°λ‚λ„ μΆ‹κ³  ν—¬μ¤μ¥λ„ μΆ‹λ„¤μ” κΈ°λ¶„μΆ‹κ² λ¨Έλ¬Όλ‹¤κ°‘λ‹λ‹¤,2020. 02. 17
121,λ΅―λ°νΈν…” μ›”λ“,5,λ΅―λ°μ›”λ“λ‘ ν•¨κ» μ •λ§ νΈν•κ³  μΆ‹μ•μµλ‹λ‹¤.,λ΅―λ°μ›”λ“λ‘ ν•¨κ» μ •λ§ νΈν•κ³  μΆ‹μ•μµλ‹λ‹¤,2020. 02. 16
122,λ΅―λ°νΈν…” μ›”λ“,5,κΉ¨λ—ν•κ³  μ§μ›λ¶„λ“¤λ„ μΉμ ν•μ‹κ³  μΆ‹μ•„μ”,κΉ¨λ—ν•κ³  μ§μ›λ¶„λ“¤λ„ μΉμ ν•μ‹κ³  μΆ‹μ•„μ”,2020. 02. 14
123,λ΅―λ°νΈν…” μ›”λ“,4,"λ΅―λ°μ›”λ“, λ΅―λ°μ›”λ“νƒ€μ› μ ‘κ·Όμ„±μ΄ μΆ‹μ•μ–΄μ”~~ νΈν…”μ΄ κΉ¨λ—&μ•„λ‘ν•μ—¬ νΈν•κ² μ‰¬λ‹¤ κ°‘λ‹λ‹¤^^ ν”„λ΅ νΈμ™€ μ‚¬μ°λ‚, μ£Όμ°¨, μ²΄λ ¨μ‹¤ μ§μ›λ¶„λ“¤ λ¨λ‘ μΉμ ν•©λ‹λ‹¤!",λ΅―λ°μ›”λ“ λ΅―λ°μ›”λ“νƒ€μ› μ ‘κ·Όμ„±μ΄ μΆ‹μ•μ–΄μ” νΈν…”μ΄ κΉ¨λ—μ•„λ‘ν•μ—¬ νΈν•κ² μ‰¬λ‹¤ κ°‘λ‹λ‹¤ ν”„λ΅ νΈμ™€ μ‚¬μ°λ‚ μ£Όμ°¨ μ²΄λ ¨μ‹¤ μ§μ›λ¶„λ“¤ λ¨λ‘ μΉμ ν•©λ‹λ‹¤,2020. 02. 05
124,λ΅―λ°νΈν…” μ›”λ“,5,κ΄μ°®μ•μµλ‹λ‹¤. μ•μ‹¤ μ΅°λ…μ΄ κ΄€λ¦¬κ°€ μ μ•λλ”κ²ƒκ°™μ•„μ”,κ΄μ°®μ•μµλ‹λ‹¤ μ•μ‹¤ μ΅°λ…μ΄ κ΄€λ¦¬κ°€ μ μ•λλ”κ²ƒκ°™μ•„μ”,2020. 02. 01
125,λ΅―λ°νΈν…” μ›”λ“,5,λ‹¤ μΆ‹μ•λ”λ° ν™”μ¥μ‹¤ λ³€κΈ°μ— μ¤μ¤μκµ­μ΄... μ»΄ν”λ μΈ λ„£μΌλ ¤λ‹¤κ°€ κ·Έλƒ¥ λ‹¦κ³  λ„£μ§„ μ•μ•μ§€λ§ κµ‰μ¥ν μ‹¤λ§μ¤λ¬μ› μµλ‹λ‹¤,λ‹¤ μΆ‹μ•λ”λ° ν™”μ¥μ‹¤ λ³€κΈ°μ— μ¤μ¤μκµ­μ΄ μ»΄ν”λ μΈ λ„£μΌλ ¤λ‹¤κ°€ κ·Έλƒ¥ λ‹¦κ³  λ„£μ§„ μ•μ•μ§€λ§ κµ‰μ¥ν μ‹¤λ§μ¤λ¬μ› μµλ‹λ‹¤,2020. 01. 30
126,λ΅―λ°νΈν…” μ›”λ“,5,"λ΅λΉ„μ—λ”±λ“¤μ–΄κ°“μ„λ• μ§„μ§λ†€λ«μ–΄μ” λ„λ¬΄μ„Έλ ¨λμ„ ν–.. .5μ„±κΈ‰μ€ λ‹¤λ¥΄κµ¬λ‚ν–‡λ”λ° λ§‰μƒκ°μ‹¤μ€ μΆ€ μ¤λλ λλ‚μ΄λ‚κΈ΄ν•λ”λΌκµ¬μ” μ„Έλ©΄λ€ νΉμ΄ν€...γ…‹ 
κ·Έλλ„ μ΄κ°€κ²©μ—μμ‰¬λ‹¤μ™“μ–΄μ”γ… μ‚¬μ°λ‚λ‘ μμμ¥λ„1ν κ°μμ‡μ–΄μ„ μ—¬λ…λ„ν’€κ²Έλ‹¤λ…€μ™“μ–΄μ”
μ§μ›λ¶„λ“¤ ν•µμΉμ ",λ΅λΉ„μ—λ”±λ“¤μ–΄κ°“μ„λ• μ§„μ§λ†€λ«μ–΄μ” λ„λ¬΄μ„Έλ ¨λμ„ ν– μ„±κΈ‰μ€ λ‹¤λ¥΄κµ¬λ‚ν–‡λ”λ° λ§‰μƒκ°μ‹¤μ€ μΆ€ μ¤λλ λλ‚μ΄λ‚κΈ΄ν•λ”λΌκµ¬μ” μ„Έλ©΄λ€ νΉμ΄ν€γ…‹ κ·Έλλ„ μ΄κ°€κ²©μ—μμ‰¬λ‹¤μ™“μ–΄μ”γ… μ‚¬μ°λ‚λ‘ μμμ¥λ„ν κ°μμ‡μ–΄μ„ μ—¬λ…λ„ν’€κ²Έλ‹¤λ…€μ™“μ–΄μ”μ§μ›λ¶„λ“¤ ν•µμΉμ ,2020. 01. 29
127,λ΅―λ°νΈν…” μ›”λ“,5,"μ•„μ΄λ°λ¦¬κ³ κ°€κΈ° μµμ μ νΈν…”  μ•Όκ°„ λ΅―λ°μ›”λ“λ„ μ¦κΈ°κ³  μ‹κ·Έλ‹μ— λ΅―λ° μ›”λ“λ°  μ•„μΏ μ•„λ¦¬μ›€ λ¨λ‘ μ¦κΈΈμμμ–΄μ„ μΆ‹μµλ‹λ‹¤
λ΅―λ°μ›”λ“κ°λ•  μ§€μ†μ μΌλ΅ μ΄μ©ν• λ“―ν•λ„¤μ”
λΌμ„Έλ μ΅°μ‹λ„ μΆ‹μ•μ–΄μ”",μ•„μ΄λ°λ¦¬κ³ κ°€κΈ° μµμ μ νΈν…”  μ•Όκ°„ λ΅―λ°μ›”λ“λ„ μ¦κΈ°κ³  μ‹κ·Έλ‹μ— λ΅―λ° μ›”λ“λ°  μ•„μΏ μ•„λ¦¬μ›€ λ¨λ‘ μ¦κΈΈμμμ–΄μ„ μΆ‹μµλ‹λ‹¤λ΅―λ°μ›”λ“κ°λ•  μ§€μ†μ μΌλ΅ μ΄μ©ν• λ“―ν•λ„¤μ”λΌμ„Έλ μ΅°μ‹λ„ μΆ‹μ•μ–΄μ”,2020. 01. 27
128,λ΅―λ°νΈν…” μ›”λ“,4,"μ•„μ΄λ“¤κ³Ό ν•¨κ» νΈμΊ‰μ¤ μ¦κΈ°κΈ° λ„λ¬΄ μΆ‹μ•μ–΄μ”
ν„μ¥μ—μ„ μ¶”κ°€λΉ„ μ§€λ¶ν•κ³  λ΅ν‹°λ΅λ¦¬λ£Έ+λ΅―λ°μ›”λ“λ·°λ΅ μ΄μ©ν–λ”λ° μ•„μ΄λ“¤μ΄ λ„λ¬΄ μΆ‹μ•„ν•λ”λΌκµ¬μ”^^ 
λ΅ν‹°λ΅λ¦¬λ£Έ κ³§ μ—†μ–΄μ§„λ‹¤λ”λ° κ·Έ μ „μ— μ΄μ©ν•  μ μμ–΄μ„ μΆ‹μ•μµλ‹λ‹¤. 
λ¦¬λ‰΄μ–Όλλ©΄ λ‹¤μ‹ ν•λ² λ°©λ¬Έν•κ³  μ‹¶λ„¤μ”!",μ•„μ΄λ“¤κ³Ό ν•¨κ» νΈμΊ‰μ¤ μ¦κΈ°κΈ° λ„λ¬΄ μΆ‹μ•μ–΄μ”ν„μ¥μ—μ„ μ¶”κ°€λΉ„ μ§€λ¶ν•κ³  λ΅ν‹°λ΅λ¦¬λ£Έλ΅―λ°μ›”λ“λ·°λ΅ μ΄μ©ν–λ”λ° μ•„μ΄λ“¤μ΄ λ„λ¬΄ μΆ‹μ•„ν•λ”λΌκµ¬μ” λ΅ν‹°λ΅λ¦¬λ£Έ κ³§ μ—†μ–΄μ§„λ‹¤λ”λ° κ·Έ μ „μ— μ΄μ©ν•  μ μμ–΄μ„ μΆ‹μ•μµλ‹λ‹¤ λ¦¬λ‰΄μ–Όλλ©΄ λ‹¤μ‹ ν•λ² λ°©λ¬Έν•κ³  μ‹¶λ„¤μ”,2020. 01. 25
129,λ΅―λ°νΈν…” μ›”λ“,5,"κµν†µλ„ νΈλ¦¬ν•κ³  μ ‘κ·Όμ„±λ„ μΆ‹μ•„μ„ μ΄μ©ν•κΈ°μ— νΈν–μµλ‹λ‹¤ 
μ‹μ„¤μ΄ μ¤λλμ—λ‹¤κ³  ν•μ§€λ§ κ΄€λ¦¬λ„ μ λμ–΄ μμ–΄μ„ λ¶νΈν•μ§€ μ•μ•„μµλ‹λ‹¤. λ‹¤λ§ μ„Έλ©΄λ€ λ°°μκ°€ μ μ•λλ”λΌκ³ μ” 
κ·Έκ²ƒλΉΌκ³  λ‹¤ λ§μ΅±μ…λ‹λ‹¤",κµν†µλ„ νΈλ¦¬ν•κ³  μ ‘κ·Όμ„±λ„ μΆ‹μ•„μ„ μ΄μ©ν•κΈ°μ— νΈν–μµλ‹λ‹¤ μ‹μ„¤μ΄ μ¤λλμ—λ‹¤κ³  ν•μ§€λ§ κ΄€λ¦¬λ„ μ λμ–΄ μμ–΄μ„ λ¶νΈν•μ§€ μ•μ•„μµλ‹λ‹¤ λ‹¤λ§ μ„Έλ©΄λ€ λ°°μκ°€ μ μ•λλ”λΌκ³ μ” κ·Έκ²ƒλΉΌκ³  λ‹¤ λ§μ΅±μ…λ‹λ‹¤,2020. 01. 18
130,λ΅―λ°νΈν…” μ›”λ“,5,"μ¤λλλ‹¤κ³  ν•λ”λ° κ·Έλλ„ κΉ”λ”ν•κ³  μΆ‹μ•μ–΄μ” ν‰μΌμ΄λΌ κ·Έλ°μ§€
κ³ μΈµ μ”μ²­ν•λ‹ ν•΄μ£Όμ…¨μ–΄μ” ν‰μΌμ— κ°λ§ν•΄μ”",μ¤λλλ‹¤κ³  ν•λ”λ° κ·Έλλ„ κΉ”λ”ν•κ³  μΆ‹μ•μ–΄μ” ν‰μΌμ΄λΌ κ·Έλ°μ§€κ³ μΈµ μ”μ²­ν•λ‹ ν•΄μ£Όμ…¨μ–΄μ” ν‰μΌμ— κ°λ§ν•΄μ”,2020. 01. 18
131,λ΅―λ°νΈν…” μ›”λ“,5,μΉμ ν•κ² κ΄€λ¦¬ν•΄μ£Όμ…”μ„ μμμ¥κ³Ό μ‚¬μ°λ‚λ¥Ό μ•„μ£Ό νΈν•κ² μ΄μ©ν• μμμ—μ–΄μ”. λ μ΄μ©ν• κ»μ”^^,μΉμ ν•κ² κ΄€λ¦¬ν•΄μ£Όμ…”μ„ μμμ¥κ³Ό μ‚¬μ°λ‚λ¥Ό μ•„μ£Ό νΈν•κ² μ΄μ©ν• μμμ—μ–΄μ” λ μ΄μ©ν• κ»μ”,2020. 01. 16
132,λ΅―λ°νΈν…” μ›”λ“,5,μ•„μ΄λ“¤κ³Ό λ΅―λ°νΈν…”μ— μ‰¬λ©΄μ„ μ£Όλ³€μ— λ΅―λ°μ›”λ“μ™€ ν‚¤μλ‹μ•„ κ·Έλ¦¬κ³  μ„μΈμ¤μΉ΄μ΄μ— νΈν•κ² λ‹¤λ…€μ¬μμμ–΄μ„ λ„λ¬΄ μΆ‹μ•μ–΄μ”! λ‹¤μ λ°©ν•™λ• λ μ΄μ©ν• κ»μ”^^,μ•„μ΄λ“¤κ³Ό λ΅―λ°νΈν…”μ— μ‰¬λ©΄μ„ μ£Όλ³€μ— λ΅―λ°μ›”λ“μ™€ ν‚¤μλ‹μ•„ κ·Έλ¦¬κ³  μ„μΈμ¤μΉ΄μ΄μ— νΈν•κ² λ‹¤λ…€μ¬μμμ–΄μ„ λ„λ¬΄ μΆ‹μ•μ–΄μ” λ‹¤μ λ°©ν•™λ• λ μ΄μ©ν• κ»μ”,2020. 01. 16
133,λ΅―λ°νΈν…” μ›”λ“,5,"μΆ‹μµλ‹λ‹¤. κµν†µ,λ†€μ΄,μ‡Όν•‘λ“± μµμ μ μ™μ†λ„¤μ”.",μΆ‹μµλ‹λ‹¤ κµν†µλ†€μ΄μ‡Όν•‘λ“± μµμ μ μ™μ†λ„¤μ”,2020. 01. 15
134,λ΅―λ°νΈν…” μ›”λ“,5,μ§μ›λ¶„λ“¤ λ¨λ‘ μΉμ ν•μ‹κ³  λ„λ¬΄ μΆ‹μ•μµλ‹λ‹¤π,μ§μ›λ¶„λ“¤ λ¨λ‘ μΉμ ν•μ‹κ³  λ„λ¬΄ μΆ‹μ•μµλ‹λ‹¤,2020. 01. 14
135,λ΅―λ°νΈν…” μ›”λ“,3,κ°€κΉμ›μ„ μΆ‹μ•μ–΄μ”~~ λ†’μ€μΈµμ΄μ—λ‹¤λ©΄ λ” μΆ‹μ•μ„κ²ƒκ°™μ•„μ” ^^',κ°€κΉμ›μ„ μΆ‹μ•μ–΄μ” λ†’μ€μΈµμ΄μ—λ‹¤λ©΄ λ” μΆ‹μ•μ„κ²ƒκ°™μ•„μ” ,2020. 01. 13
136,λ΅―λ°νΈν…” μ›”λ“,5,μ•„μ£Ό μΆ‹μ•μ–΄μ” μ΅°μ‹μ€ μƒκ°λ³΄λ‹¤ κ·Έμ €κ·Έλ¬μ§€λ§ λ£Έμμ²΄μ μ»¨λ””μ…μ€ κµΏκµΏ,μ•„μ£Ό μΆ‹μ•μ–΄μ” μ΅°μ‹μ€ μƒκ°λ³΄λ‹¤ κ·Έμ €κ·Έλ¬μ§€λ§ λ£Έμμ²΄μ μ»¨λ””μ…μ€ κµΏκµΏ,2020. 01. 12
137,λ΅―λ°νΈν…” μ›”λ“,5,μ•„μ£Ό μΆ‹μ•μ–΄μ” μ΅°μ‹μ€ μƒκ°λ³΄λ‹¤ κ·Έμ €κ·Έλ¬μ§€λ§ λ£Έμμ²΄μ μ»¨λ””μ…μ€ κµΏκµΏ,μ•„μ£Ό μΆ‹μ•μ–΄μ” μ΅°μ‹μ€ μƒκ°λ³΄λ‹¤ κ·Έμ €κ·Έλ¬μ§€λ§ λ£Έμμ²΄μ μ»¨λ””μ…μ€ κµΏκµΏ,2020. 01. 12
138,λ΅―λ°νΈν…” μ›”λ“,4,"μ„μΉλ” λ„λ¬΄μΆ‹μ•„μ”
μ‹μ„¤μ΄ λ…Έν›„ν•κ³  λ¨Όμ§€κ°€ λ§μ•μ–΄μ”",μ„μΉλ” λ„λ¬΄μΆ‹μ•„μ”μ‹μ„¤μ΄ λ…Έν›„ν•κ³  λ¨Όμ§€κ°€ λ§μ•μ–΄μ”,2020. 01. 11
139,λ΅―λ°νΈν…” μ›”λ“,4,"μ„μΉλ” λ„λ¬΄μΆ‹μ•„μ”
μ‹μ„¤μ΄ λ…Έν›„ν•κ³  λ¨Όμ§€κ°€ λ§μ•μ–΄μ”",μ„μΉλ” λ„λ¬΄μΆ‹μ•„μ”μ‹μ„¤μ΄ λ…Έν›„ν•κ³  λ¨Όμ§€κ°€ λ§μ•μ–΄μ”,2020. 01. 11
140,λ΅―λ°νΈν…” μ›”λ“,5,μ§€ν•λ΅λ§ λ‹¤λ…€μ„ λ‚ μ”¨ μ¶”μ΄μ¤„ λ¨λ¦„,μ§€ν•λ΅λ§ λ‹¤λ…€μ„ λ‚ μ”¨ μ¶”μ΄μ¤„ λ¨λ¦„,2020. 01. 11
141,λ΅―λ°νΈν…” μ›”λ“,5,λ§¤μ°λ§μ΅±μ…λ‹λ‹¤ μ§μ›λ¶„λ“¤λ„ λ„λ¬΄ μ°©ν•μ‹κ³  μ‹μ„¤λ„ λ„λ¬΄ μΆ‹μ•μ–΄μ”,λ§¤μ°λ§μ΅±μ…λ‹λ‹¤ μ§μ›λ¶„λ“¤λ„ λ„λ¬΄ μ°©ν•μ‹κ³  μ‹μ„¤λ„ λ„λ¬΄ μΆ‹μ•μ–΄μ”,2020. 01. 10
142,λ΅―λ°νΈν…” μ›”λ“,5,μΆ‹μ•μ–΄μ” λΈ¨νμ— μ‚¬λμ€ λ„λ¬΄ λ§μ§€λ§,μΆ‹μ•μ–΄μ” λΈ¨νμ— μ‚¬λμ€ λ„λ¬΄ λ§μ§€λ§,2020. 01. 09
143,λ΅―λ°νΈν…” μ›”λ“,5,μ§μ›λ¶„λ“¤ μ”μ²­μ‚¬ν•­λ„ μ λ“¤μ–΄μ£Όμ‹κ³  μΉμ ν•κ³  μ—­μ‚¬κ°€ μλ” νΈν…”μ΄μ—¬μ„ μ¤λλλ³΄μ΄κΈ΄ ν•΄λ„ κ°μ‹¤ μ»¨λ””μ… μƒλ‹Ήν μΆ‹μµλ‹λ‹¤,μ§μ›λ¶„λ“¤ μ”μ²­μ‚¬ν•­λ„ μ λ“¤μ–΄μ£Όμ‹κ³  μΉμ ν•κ³  μ—­μ‚¬κ°€ μλ” νΈν…”μ΄μ—¬μ„ μ¤λλλ³΄μ΄κΈ΄ ν•΄λ„ κ°μ‹¤ μ»¨λ””μ… μƒλ‹Ήν μΆ‹μµλ‹λ‹¤,2020. 01. 07
144,λ΅―λ°νΈν…” μ›”λ“,5,"5μ„±κΈ‰ νΈν…”λ‹¤μ΄ μ„λΉ„μ¤, μ‹μ„¤μ΄μ—μµλ‹λ‹¤. μ‹Όκ°€κ²©μ€ μ•„λ‹μ§€λ§ κΈ°λ…μΌμ— λ‹¤μ‹ μ¤κ³  μ‹¶λ„¤μ”",μ„±κΈ‰ νΈν…”λ‹¤μ΄ μ„λΉ„μ¤ μ‹μ„¤μ΄μ—μµλ‹λ‹¤ μ‹Όκ°€κ²©μ€ μ•„λ‹μ§€λ§ κΈ°λ…μΌμ— λ‹¤μ‹ μ¤κ³  μ‹¶λ„¤μ”,2020. 01. 05
145,λ΅―λ°νΈν…” μ›”λ“,5,"μ²­κ²°ν•κ³  κΉ¨λ—ν•΄μ„ νΈμ•ν μμ μμ—κ³ ~ μ„λΉ„μ¤λ©΄μ—μ„ μΉμ² λ„ μµμ°μμ€κ³  μƒλ²½μ— μ΅°μ‹ μ²¨ λ¨Ήμ–΄λ΄¤λ”λ° μ§„μ§ λ„λ¬΄λ§›μ‡μ–΄μ„ μ•λ‚¨κΈ°κ³  λ‹¤λ¨Ήμ—‡μµλ‹λ‹¤
κ·Έλ¦¬κ³  μ†κ³ κΈ°κµ­μ΄ λ§›λ‚κ³  ν•μ‹μ€ κ³¨κ³ λ£¨λ©° λ„λ¬΄ λ§›μ‡μµλ‹λ‹¤
λ‹΄μ— λ κΌ­ ν•λ² λ“¤λ¦¬κ³ μ‹¶μ€ κ³³ ! κΈ°μ–µμ— μλ‚¨κΈ°κ³  μμ‰¬λ‹¤κ°‘λ‹λ‹¤",μ²­κ²°ν•κ³  κΉ¨λ—ν•΄μ„ νΈμ•ν μμ μμ—κ³  μ„λΉ„μ¤λ©΄μ—μ„ μΉμ² λ„ μµμ°μμ€κ³  μƒλ²½μ— μ΅°μ‹ μ²¨ λ¨Ήμ–΄λ΄¤λ”λ° μ§„μ§ λ„λ¬΄λ§›μ‡μ–΄μ„ μ•λ‚¨κΈ°κ³  λ‹¤λ¨Ήμ—‡μµλ‹λ‹¤κ·Έλ¦¬κ³  μ†κ³ κΈ°κµ­μ΄ λ§›λ‚κ³  ν•μ‹μ€ κ³¨κ³ λ£¨λ©° λ„λ¬΄ λ§›μ‡μµλ‹λ‹¤λ‹΄μ— λ κΌ­ ν•λ² λ“¤λ¦¬κ³ μ‹¶μ€ κ³³  κΈ°μ–µμ— μλ‚¨κΈ°κ³  μμ‰¬λ‹¤κ°‘λ‹λ‹¤,2020. 01. 04
146,λ΅―λ°νΈν…” μ›”λ“,5,νΌμΊ‰μ¤ μ¦κΈ°λ¬ κ°”λ”λ° λ„λ¬΄ μΆ‹μ•μ–΄μ”!,νΌμΊ‰μ¤ μ¦κΈ°λ¬ κ°”λ”λ° λ„λ¬΄ μΆ‹μ•μ–΄μ”,2020. 01. 03
147,λ΅―λ°νΈν…” μ›”λ“,5,"5μ„±κΈ‰λ§λ„¤μ 
μΉμ  λ£Έμ»¨λ””μ… 
λ‹¤ μ™„λ²½ν–‡μ–΄μ”",μ„±κΈ‰λ§λ„¤μ μΉμ  λ£Έμ»¨λ””μ… λ‹¤ μ™„λ²½ν–‡μ–΄μ”,2020. 01. 01
148,λ΅―λ°νΈν…” μ›”λ“,4,"μ•„μ΄μ™€ λ¨Έλ¬ΌκΈ°μ— μ΄λ§ν• κ³³μ΄ μ—†λ„¤μ”.
μ¶”μ΄ κ²¨μΈμ— μ‹¤λ‚΄μ—μ„ λ¨λ“  κ±Έ λ‹¤ ν•  μ μμ–΄μ”. λ΅―λ°μ›”λ“  μ¤μ „μ— λ‹¤λ…€μ™€μ„ μ²΄ν¬μΈν•κ³  λ°–μ— λ‚κ°€μ§€ μ•κ³  μ €λ…λ„ λ°±ν™”μ μ—μ„ λ‹¤ ν•΄κ²°ν•  μ μμ–΄μ„ μΆ‹μ•„μ”.",μ•„μ΄μ™€ λ¨Έλ¬ΌκΈ°μ— μ΄λ§ν• κ³³μ΄ μ—†λ„¤μ”μ¶”μ΄ κ²¨μΈμ— μ‹¤λ‚΄μ—μ„ λ¨λ“  κ±Έ λ‹¤ ν•  μ μμ–΄μ” λ΅―λ°μ›”λ“  μ¤μ „μ— λ‹¤λ…€μ™€μ„ μ²΄ν¬μΈν•κ³  λ°–μ— λ‚κ°€μ§€ μ•κ³  μ €λ…λ„ λ°±ν™”μ μ—μ„ λ‹¤ ν•΄κ²°ν•  μ μμ–΄μ„ μΆ‹μ•„μ”,2019. 12. 31
149,λ΅―λ°νΈν…” μ›”λ“,5,κµν†µμ΄ μΆ‹κ³  μ£Όλ³€μ— λ³Όκ² λ§μ•„μ” ^^,κµν†µμ΄ μΆ‹κ³  μ£Όλ³€μ— λ³Όκ² λ§μ•„μ” ,2019. 12. 30
150,λ΅―λ°νΈν…” μ›”λ“,5,μ •λ§ μΉμ ν•μ„Έμ”~ 3μ‹μ— λ”± μ²΄ν¬μΈν•΄μ„ κ³ μΈµ λ¶€νƒλ“λ Έλ”λ‹ κ³ μΈµμΌλ΅ ν•΄μ£Όμ…¨λ„¤μ”! λ‹¤λ§ λ‹¨μ μ€ νΈν…” μ£Όλ³€ κµν†µμ΄ λ„λ¬΄ ν—¬μ…λ‹λ‹¤ λ§‰ν€μ”γ…γ…,μ •λ§ μΉμ ν•μ„Έμ” μ‹μ— λ”± μ²΄ν¬μΈν•΄μ„ κ³ μΈµ λ¶€νƒλ“λ Έλ”λ‹ κ³ μΈµμΌλ΅ ν•΄μ£Όμ…¨λ„¤μ” λ‹¤λ§ λ‹¨μ μ€ νΈν…” μ£Όλ³€ κµν†µμ΄ λ„λ¬΄ ν—¬μ…λ‹λ‹¤ λ§‰ν€μ”γ…γ…,2019. 12. 30
151,λ΅―λ°νΈν…” μ›”λ“,5,"λ·°κ°€ λ„λ¬΄λ„λ¬΄ μΆ‹μ•μ–΄μ” κ·Έλ¦¬κ³  μ§μ›λ¶„λ“¤λ„ μΉμ  ν–μµλ‹λ‹¤
λ‹¤λ§, κ°μ‹¤ λ‚΄ λ―Έλ‹λ°” μ‚¬μ©μ„ μ•ν• κ±Έλ΅ κΈ°μ–µν•λ”λ° λ‚μ¤‘μ— μ „ν™”λ΅ μλ£ ν•λ³‘ λ§μ…¨λ‹¤κ³  μ¶”κ°€ κ²°μ  ν–λ”λ° κ·Έλ¶€λ¶„μ΄ μ΅°κΈ μ°μ°ν–μ–΄μ”. μ‹¤μλ΅ λ¨Ήμ€κ±°κ² μ£ .. κ·Έμ™Έμ—” μ„Έμ›”μ ν”μ μ΄ μλ” κ²ƒ μΉκ³  μ²­κ²°ν•κ³  λ§μ΅±μ¤λ¬μ› μµλ‹λ‹¤!",λ·°κ°€ λ„λ¬΄λ„λ¬΄ μΆ‹μ•μ–΄μ” κ·Έλ¦¬κ³  μ§μ›λ¶„λ“¤λ„ μΉμ  ν–μµλ‹λ‹¤λ‹¤λ§ κ°μ‹¤ λ‚΄ λ―Έλ‹λ°” μ‚¬μ©μ„ μ•ν• κ±Έλ΅ κΈ°μ–µν•λ”λ° λ‚μ¤‘μ— μ „ν™”λ΅ μλ£ ν•λ³‘ λ§μ…¨λ‹¤κ³  μ¶”κ°€ κ²°μ  ν–λ”λ° κ·Έλ¶€λ¶„μ΄ μ΅°κΈ μ°μ°ν–μ–΄μ” μ‹¤μλ΅ λ¨Ήμ€κ±°κ² μ£  κ·Έμ™Έμ—” μ„Έμ›”μ ν”μ μ΄ μλ” κ²ƒ μΉκ³  μ²­κ²°ν•κ³  λ§μ΅±μ¤λ¬μ› μµλ‹λ‹¤,2019. 12. 28
152,λ΅―λ°νΈν…” μ›”λ“,4,"μ§μ›λ¶„λ“¤μ΄ μΉμ ν•΄μ„ λ„λ¬΄ μΆ‹μ•μµλ‹λ‹¤ μ΅°μ‹μ΅° λ§›μκ³  γ…‹γ…‹
μ•„μ‰¬μ΄μ μ€ 9μΈµμ΄μ€λ”λ° μ „λ§μ΄ λ”μ— κ°€λ ¤μ„ λ„λ¬΄ λ³„λ£¨μ€μ–΄μ” γ… κ·Έκ±°λΉΌκ³ λ” λ‹¤ μΆ‹μ•„μ”",μ§μ›λ¶„λ“¤μ΄ μΉμ ν•΄μ„ λ„λ¬΄ μΆ‹μ•μµλ‹λ‹¤ μ΅°μ‹μ΅° λ§›μκ³  γ…‹γ…‹μ•„μ‰¬μ΄μ μ€ μΈµμ΄μ€λ”λ° μ „λ§μ΄ λ”μ— κ°€λ ¤μ„ λ„λ¬΄ λ³„λ£¨μ€μ–΄μ” γ… κ·Έκ±°λΉΌκ³ λ” λ‹¤ μΆ‹μ•„μ”,2019. 12. 27
153,λ΅―λ°νΈν…” μ›”λ“,4,μ μ΄μ©ν•κ³  κ°‘λ‹λ‹¤. μ΄λ° κ³ κΈ‰? νΈν…”μ€ μ²μμ΄μ—λ”λ° λ¬΄λ‚ν•κ² μ μ΄μ©ν–μµλ‹λ‹¤.,μ μ΄μ©ν•κ³  κ°‘λ‹λ‹¤ μ΄λ° κ³ κΈ‰ νΈν…”μ€ μ²μμ΄μ—λ”λ° λ¬΄λ‚ν•κ² μ μ΄μ©ν–μµλ‹λ‹¤,2019. 12. 27
154,λ΅―λ°νΈν…” μ›”λ“,5,"μ£Όμ°¨κ³µκ°„μ΄ λ¶€μ΅±ν•κ±°κ°™μµλ‹λ‹¤.
μ‹μ„¤ λ° μ„λΉ„μ¤ λ£Έμƒνƒ λ„λ¬΄ λ§μ΅±!",μ£Όμ°¨κ³µκ°„μ΄ λ¶€μ΅±ν•κ±°κ°™μµλ‹λ‹¤μ‹μ„¤ λ° μ„λΉ„μ¤ λ£Έμƒνƒ λ„λ¬΄ λ§μ΅±,2019. 12. 26
155,λ΅―λ°νΈν…” μ›”λ“,5,νΉκΈ‰νΈν…”μ€ μ—­μ‹ λ‹¤λ¦…λ‹λ‹¤. μ¤λλ νΈν…”μ„μ—λ„ νΈν•κ³  μΆ‹μ•μµλ‹λ‹¤.,νΉκΈ‰νΈν…”μ€ μ—­μ‹ λ‹¤λ¦…λ‹λ‹¤ μ¤λλ νΈν…”μ„μ—λ„ νΈν•κ³  μΆ‹μ•μµλ‹λ‹¤,2019. 12. 26
156,λ΅―λ°νΈν…” μ›”λ“,5,λ―Ώκ³  μμ•½ν–λ”λ‹ κ·Έλ€λ΅μ€λ„¤μ”~^^,λ―Ώκ³  μμ•½ν–λ”λ‹ κ·Έλ€λ΅μ€λ„¤μ”,2019. 12. 26
157,λ΅―λ°νΈν…” μ›”λ“,5,"λ”μ΄μƒ μ–΄λ–¤λ§λ„ ν•„μ”μ—†μ„μ •λ„λ΅ ν™μƒμ μ…λ‹λ‹¤. μ ‘κ·Όμ„±, μ„λΉ„μ¤, λ£Έμ»¨λ””μ…, μ•„λ¦„λ‹¤μ΄λ·°λ” λ¤ γ…γ…γ…",λ”μ΄μƒ μ–΄λ–¤λ§λ„ ν•„μ”μ—†μ„μ •λ„λ΅ ν™μƒμ μ…λ‹λ‹¤ μ ‘κ·Όμ„± μ„λΉ„μ¤ λ£Έμ»¨λ””μ… μ•„λ¦„λ‹¤μ΄λ·°λ” λ¤ γ…γ…γ…,2019. 12. 24
158,λ΅―λ°νΈν…” μ›”λ“,4,"λ΅―λ°μ›”λ“λ†€κΈ°μµμ μ—μ¥μ†
μ§μ›μΉμ² λ„ μµκ°•
λ‹¨,μ¤λλνΈν…”",λ΅―λ°μ›”λ“λ†€κΈ°μµμ μ—μ¥μ†μ§μ›μΉμ² λ„ μµκ°•λ‹¨μ¤λλνΈν…”,2019. 12. 22
159,λ΅―λ°νΈν…” μ›”λ“,4,"μ‹μ„¤μ΄ μΆ€ μ¤λλμ—λ‹¤κ³  ν•΄μ„ λ΅―λ°νΈν…”μ›”λ“μ™€ L7κ°•λ‚¨ λ‘ κ³³ μ¤‘ κ³ λ―Όν•λ λμ— μ•Όλ†€μ νΉκ°€κ°€ μμ–΄ λ΅―λ°νΈν…”μ›”λ“λ΅ μμ•½ν•μ€μµλ‹λ‹¤.

μ €λ„ κ²€μƒ‰ν•΄ λ³΄λ‹ λ§μ΄λ“¤ λΉ„μ¦λ‹μ¤νΈν…”κ³Ό λΉ„κµν•΄ λ†“μΌμ…¨λλ° μ•„λ¬΄λ¦¬ μ‹μ„¤μ΄ μ¤λλμ—λ‹¤ν•΄λ„ 5μ„±κΈ‰κ³Ό λΉ„μ¦λ‹μ¤νΈν…”μ€ κ·Έ μ°¨μ΄μ μ΄ λ°λ“μ‹ μμ—μµλ‹λ‹¤.

μ μ‹¤μ—­μ΄ κ±°μ λ΅―λ°μ™•κµ­μ΄μ–΄μ„ κ°€λ³Όλ§ν• κ³³κ³Ό λ¨Ήμ„λ§ν• κ³³μ΄ λ§μµλ‹λ‹¤.

μ§μ›λ“¤μ μΉμ λ„λ„ μΆ‹κ³  ν™• νΈμΈ λ΅λΉ„μ—μ„ λ“£λ” ν”Όμ•„λ…Έμ†λ¦¬λ„ λ„λ¬΄ μΆ‹μµλ‹λ‹¤.

μ΅°μ‹μ€ λΌμ„Έλμ—μ„ μ κ³µλμ—μµλ‹λ‹¤. κ³ λ―Όν•μ‹μ§€ λ§μ‹κ³  κΌ­ λ“μ„Έμ”.λ”λ³΄κΈ°",μ‹μ„¤μ΄ μΆ€ μ¤λλμ—λ‹¤κ³  ν•΄μ„ λ΅―λ°νΈν…”μ›”λ“μ™€ κ°•λ‚¨ λ‘ κ³³ μ¤‘ κ³ λ―Όν•λ λμ— μ•Όλ†€μ νΉκ°€κ°€ μμ–΄ λ΅―λ°νΈν…”μ›”λ“λ΅ μμ•½ν•μ€μµλ‹λ‹¤μ €λ„ κ²€μƒ‰ν•΄ λ³΄λ‹ λ§μ΄λ“¤ λΉ„μ¦λ‹μ¤νΈν…”κ³Ό λΉ„κµν•΄ λ†“μΌμ…¨λλ° μ•„λ¬΄λ¦¬ μ‹μ„¤μ΄ μ¤λλμ—λ‹¤ν•΄λ„ μ„±κΈ‰κ³Ό λΉ„μ¦λ‹μ¤νΈν…”μ€ κ·Έ μ°¨μ΄μ μ΄ λ°λ“μ‹ μμ—μµλ‹λ‹¤μ μ‹¤μ—­μ΄ κ±°μ λ΅―λ°μ™•κµ­μ΄μ–΄μ„ κ°€λ³Όλ§ν• κ³³κ³Ό λ¨Ήμ„λ§ν• κ³³μ΄ λ§μµλ‹λ‹¤μ§μ›λ“¤μ μΉμ λ„λ„ μΆ‹κ³  ν™• νΈμΈ λ΅λΉ„μ—μ„ λ“£λ” ν”Όμ•„λ…Έμ†λ¦¬λ„ λ„λ¬΄ μΆ‹μµλ‹λ‹¤μ΅°μ‹μ€ λΌμ„Έλμ—μ„ μ κ³µλμ—μµλ‹λ‹¤ κ³ λ―Όν•μ‹μ§€ λ§μ‹κ³  κΌ­ λ“μ„Έμ”λ”λ³΄κΈ°,2019. 12. 22
160,λ΅―λ°νΈν…” μ›”λ“,5,λ‚΅μ•λ‹¤λ” ν›„κΈ°λ³΄κ³  μ—Όλ ¤ν–λ”λ° κ·Έλ‹¥ λ»λκΌμ–΄μ” λ‚λ¦„ κ΄μ°®μ•μµλ‹λ‹¤,λ‚΅μ•λ‹¤λ” ν›„κΈ°λ³΄κ³  μ—Όλ ¤ν–λ”λ° κ·Έλ‹¥ λ»λκΌμ–΄μ” λ‚λ¦„ κ΄μ°®μ•μµλ‹λ‹¤,2019. 12. 22
161,λ΅―λ°νΈν…” μ›”λ“,5,"ν΄κ°€ μ°¨ μ™λ°•ν–μ—λ”λ°,μ΅°μ‹,μ„μΉ ν¬ν•¨ μΆ‹μ•μµλ‹λ‹¤.",ν΄κ°€ μ°¨ μ™λ°•ν–μ—λ”λ°μ΅°μ‹μ„μΉ ν¬ν•¨ μΆ‹μ•μµλ‹λ‹¤,2019. 12. 20
162,λ΅―λ°νΈν…” μ›”λ“,5,μ¤λλ νΈν…”μ΄μ§€λ§ μ„μΉλ„μΆ‹κ³  νΈλ¦¬ν•΄μ„ μμ‰¬λ‹¤κ°‘λ‹λ‹¤,μ¤λλ νΈν…”μ΄μ§€λ§ μ„μΉλ„μΆ‹κ³  νΈλ¦¬ν•΄μ„ μμ‰¬λ‹¤κ°‘λ‹λ‹¤,2019. 12. 20
163,λ΅―λ°νΈν…” μ›”λ“,5,μ£Όμ°¨κ°€ λ„λ¬΄ νλ“¤κΈ΄ν–μ§€λ§ μ‹μ„¤κ³Ό μΉμ μ€ μ™ 5μ„±κΈ‰μΈμ§€ λ³΄μ—¬μ¤¬μµλ‹λ‹¤,μ£Όμ°¨κ°€ λ„λ¬΄ νλ“¤κΈ΄ν–μ§€λ§ μ‹μ„¤κ³Ό μΉμ μ€ μ™ μ„±κΈ‰μΈμ§€ λ³΄μ—¬μ¤¬μµλ‹λ‹¤,2019. 12. 18
164,λ΅―λ°νΈν…” μ›”λ“,4,"μ¤λλ νΈν…”μΈλ“―.
κΉ¨λ—ν•κ³  μ ‘κ·Όμ„±μ€ μµκ³ ..κ·Έλ ‡μ§€λ§ κ°€μ„±λΉ„ μ•„μ‰¬μ΄ λλ‚μ€ μμ",μ¤λλ νΈν…”μΈλ“―κΉ¨λ—ν•κ³  μ ‘κ·Όμ„±μ€ μµκ³ κ·Έλ ‡μ§€λ§ κ°€μ„±λΉ„ μ•„μ‰¬μ΄ λλ‚μ€ μμ,2019. 12. 17
165,λ΅―λ°νΈν…” μ›”λ“,5,"μ•Όλ†€μμ—μ„ μ €λ ΄ν•κ² μμ•½ν–μ–΄μ”! 
μ²΄ν¬μΈ ν•΄μ£Όμ…¨λ ν”„λ΅ νΈ μ—¬μμ§μ›λ¶„ μ—„μ²­ μΉμ ν•κ² μ κ°€ λ§μ”€λ“λ¦° μ”κµ¬μ‚¬ν•­ λ“¤μ–΄μ£Όμ‹κ³  μΆ‹μ•μ–΄μ” βΊοΈ",μ•Όλ†€μμ—μ„ μ €λ ΄ν•κ² μμ•½ν–μ–΄μ” μ²΄ν¬μΈ ν•΄μ£Όμ…¨λ ν”„λ΅ νΈ μ—¬μμ§μ›λ¶„ μ—„μ²­ μΉμ ν•κ² μ κ°€ λ§μ”€λ“λ¦° μ”κµ¬μ‚¬ν•­ λ“¤μ–΄μ£Όμ‹κ³  μΆ‹μ•μ–΄μ” ,2019. 12. 16
166,λ΅―λ°νΈν…” μ›”λ“,4,"μμƒλ€λ΅ μ‹μ„¤μ΄ μ•½κ°„ λ‚™ν›„λκΈ΄ ν–μ§€λ§ μ „λ°μ μΌλ΅λ” μΆ‹μ•μ–΄μ” νΉκΈ‰νΈν…”μ€ νΈν…”μ΄μ£ !!
λ°©μ΄ κ·Έλ¦¬ λ„“μ§€λ” μ•λ”λΌκµ¬μ” !
30μΈµμ— λ°°μ •λμ„ λ„λ¬΄ μΆ‹κΈ΄ ν–μ§€λ§ λ·°κ°€ μΆ‹μ€ λ°©μ€ μ•„λ‹μ—λ„¤μ” γ…γ…
μ΅°μ‹λ„ μΆ‹μ•μ–΄μ”^^
κµν†µμ€...μ£Όμ°¨κ°€ μ •λ§ ν—¬μ…λ‹λ‹¤ μ£Όμ°¨ 1μ‹κ°„ κ±Έλ Έμ–΄μ”...λ”λ³΄κΈ°",μμƒλ€λ΅ μ‹μ„¤μ΄ μ•½κ°„ λ‚™ν›„λκΈ΄ ν–μ§€λ§ μ „λ°μ μΌλ΅λ” μΆ‹μ•μ–΄μ” νΉκΈ‰νΈν…”μ€ νΈν…”μ΄μ£ λ°©μ΄ κ·Έλ¦¬ λ„“μ§€λ” μ•λ”λΌκµ¬μ” μΈµμ— λ°°μ •λμ„ λ„λ¬΄ μΆ‹κΈ΄ ν–μ§€λ§ λ·°κ°€ μΆ‹μ€ λ°©μ€ μ•„λ‹μ—λ„¤μ” γ…γ…μ΅°μ‹λ„ μΆ‹μ•μ–΄μ”κµν†µμ€μ£Όμ°¨κ°€ μ •λ§ ν—¬μ…λ‹λ‹¤ μ£Όμ°¨ μ‹κ°„ κ±Έλ Έμ–΄μ”λ”λ³΄κΈ°,2019. 12. 15
167,λ΅―λ°νΈν…” μ›”λ“,5,μ§„μ§ νΈν•κ² μ μ‰¬λ‹¤ κ°‘λ‹λ‹¤~~ λ°±ν™”μ μ΄λ‘ μ΄μ–΄μ Έ μμ–΄μ„ λ„λ¬΄ νΈν•κ² μμ‰¬λ‹¤ κ°‘λ‹λ‹¤,μ§„μ§ νΈν•κ² μ μ‰¬λ‹¤ κ°‘λ‹λ‹¤ λ°±ν™”μ μ΄λ‘ μ΄μ–΄μ Έ μμ–΄μ„ λ„λ¬΄ νΈν•κ² μμ‰¬λ‹¤ κ°‘λ‹λ‹¤,2019. 12. 06
168,λ΅―λ°νΈν…” μ›”λ“,5,"ν”„λ΅ν¬μ¦ν›„ λ¨Έλ¬΄λ”κ³³μ΄λΌ μ‚¬μ‹¤ ν‰μ†λ³΄λ‹¤ λμ„ λ§μ΄ λ“¤μ΄κΈ΄ν–μ–΄μ” μ‹¬μ§€μ–΄ ν”„λ΅ν¬μ¦ μ–κΈ°λ“£κ³  μ™μ† μ—…κ·Έλ μ΄λ“λ„
ν•΄μ£Όμ…”μ„ κΈ°λ¶„λ„μΆ‹μ•λ”λ° λ·°λ” μ •λ§ μΆ‹λ”λΌκµ¬μ”
29μΈµ μ΄μ€μ–΄μ”
λ¬Έμ λ”.... ν™”μ¥μ‹¤ μ•μ΅°μ— λ¬Όμ΄ λ°λ°”λ‹¥μ •λ„λ” μ κΈΈλ§νΌ
κ³ μ—¬μκ³  μ‹¬μ§€μ–΄ μ§€μ €λ¶„ν• λ•??κ°€ λ– λ‹¤λ‹ κ±°κΈ°μ—
μ•μ΅°μ—” κΈ΄λ¨Έλ¦¬μΉ΄λ½ 2κ° λ¶™μ–΄μλ”κµ°μ” μ €μ•Ό ν¬κ²μ‹ κ²½μ•μ¨μ„ λ§μ •μ΄μ§€ μ™€μ΄ν”„λ” μ§μƒ‰ν•λ”λ° μ§„μ§ λ‹¤μ„±κ³µν•κ³ λ‚μ„
μ΄κ±°ν•λ‚λ•λ¬Έμ— λ§ν• λ»”ν–μ„κ±° μƒκ°ν•λ©΄ μ•„μ°”ν•κΈ΄ν•λ„¤μ”..
κ·Έκ²ƒλΉΌκ³¤ λ§μ΅±μ΄λ‹ μ΅°κΈλ” μ‹ κ²½μ€ μ¨μ£Όμ‹κΈΈ....λ”λ³΄κΈ°",ν”„λ΅ν¬μ¦ν›„ λ¨Έλ¬΄λ”κ³³μ΄λΌ μ‚¬μ‹¤ ν‰μ†λ³΄λ‹¤ λμ„ λ§μ΄ λ“¤μ΄κΈ΄ν–μ–΄μ” μ‹¬μ§€μ–΄ ν”„λ΅ν¬μ¦ μ–κΈ°λ“£κ³  μ™μ† μ—…κ·Έλ μ΄λ“λ„ν•΄μ£Όμ…”μ„ κΈ°λ¶„λ„μΆ‹μ•λ”λ° λ·°λ” μ •λ§ μΆ‹λ”λΌκµ¬μ”μΈµ μ΄μ€μ–΄μ”λ¬Έμ λ” ν™”μ¥μ‹¤ μ•μ΅°μ— λ¬Όμ΄ λ°λ°”λ‹¥μ •λ„λ” μ κΈΈλ§νΌκ³ μ—¬μκ³  μ‹¬μ§€μ–΄ μ§€μ €λ¶„ν• λ•κ°€ λ– λ‹¤λ‹ κ±°κΈ°μ—μ•μ΅°μ—” κΈ΄λ¨Έλ¦¬μΉ΄λ½ κ° λ¶™μ–΄μλ”κµ°μ” μ €μ•Ό ν¬κ²μ‹ κ²½μ•μ¨μ„ λ§μ •μ΄μ§€ μ™€μ΄ν”„λ” μ§μƒ‰ν•λ”λ° μ§„μ§ λ‹¤μ„±κ³µν•κ³ λ‚μ„μ΄κ±°ν•λ‚λ•λ¬Έμ— λ§ν• λ»”ν–μ„κ±° μƒκ°ν•λ©΄ μ•„μ°”ν•κΈ΄ν•λ„¤μ”κ·Έκ²ƒλΉΌκ³¤ λ§μ΅±μ΄λ‹ μ΅°κΈλ” μ‹ κ²½μ€ μ¨μ£Όμ‹κΈΈλ”λ³΄κΈ°,2019. 12. 04
169,λ΅―λ°νΈν…” μ›”λ“,4,μΉμ ν μ‘λ€ν•΄μ£Όμ…”μ„ μ•„μ΄μ™€ λ„λ¬΄λ„ νΈνμ‰¬λ‹¤μ™”μµλ‹λ‹¤! μ•„μ΄λ„ λ„λ¬΄μΆ‹μ•λ‹¤κ³  ν•λ°¤λ”μκ³ κ°€μκ³  ν–λ„¤μ”..,μΉμ ν μ‘λ€ν•΄μ£Όμ…”μ„ μ•„μ΄μ™€ λ„λ¬΄λ„ νΈνμ‰¬λ‹¤μ™”μµλ‹λ‹¤ μ•„μ΄λ„ λ„λ¬΄μΆ‹μ•λ‹¤κ³  ν•λ°¤λ”μκ³ κ°€μκ³  ν–λ„¤μ”,2019. 12. 02
170,λ΅―λ°νΈν…” μ›”λ“,5,"νΈν…”μ΄ μ—°μ‹μ΄ μ¤λ λκ±° λΉΌκ³ λ” ν μ΅μ„ κ²ƒ μ—†λ” ν¬μ™ μ΄μ—λ κ²ƒ κ°™λ„¤μ” μΌλ‹¨ μ§μ›λ¶„λ“¤ λ‹¤λ“¤ μΉμ ν•μ‹κµ¬μ” νΈν…” λ·°λ„ λ΅―λ°νƒ€μ› λ° νΈμ λ³΄μ΄λ” λ·°λ΅ μ΅μ•„ μ£Όμ…¨λ„¤μ” μ΅°μ‹λ„ λ‚λ¦„ κ΄μ°®μ•λ κ±° κ°™κ³ μ” λ¬΄μ—‡λ³΄λ‹¤ λ΅―λ°μ›”λ“, ν‚¤μλ‹μ•„ λ™μ‹μ— μ΄μ©ν•λ‹¤ λ³΄λ‹ μ΄λ™μ΄λ‚ μ£Όμ°¨κ°€ ν•λ°©μ— ν•΄κ²°λμ–΄ μƒλ‹Ήν λ§μ΅±λ„ λ†’μ€ ν¬μ™μ΄μ—μµλ‹λ‹¤.",νΈν…”μ΄ μ—°μ‹μ΄ μ¤λ λκ±° λΉΌκ³ λ” ν μ΅μ„ κ²ƒ μ—†λ” ν¬μ™ μ΄μ—λ κ²ƒ κ°™λ„¤μ” μΌλ‹¨ μ§μ›λ¶„λ“¤ λ‹¤λ“¤ μΉμ ν•μ‹κµ¬μ” νΈν…” λ·°λ„ λ΅―λ°νƒ€μ› λ° νΈμ λ³΄μ΄λ” λ·°λ΅ μ΅μ•„ μ£Όμ…¨λ„¤μ” μ΅°μ‹λ„ λ‚λ¦„ κ΄μ°®μ•λ κ±° κ°™κ³ μ” λ¬΄μ—‡λ³΄λ‹¤ λ΅―λ°μ›”λ“ ν‚¤μλ‹μ•„ λ™μ‹μ— μ΄μ©ν•λ‹¤ λ³΄λ‹ μ΄λ™μ΄λ‚ μ£Όμ°¨κ°€ ν•λ°©μ— ν•΄κ²°λμ–΄ μƒλ‹Ήν λ§μ΅±λ„ λ†’μ€ ν¬μ™μ΄μ—μµλ‹λ‹¤,2019. 11. 30
171,λ΅―λ°νΈν…” μ›”λ“,5,κΉ¨λ—ν•κ³  νΈν•κ² μ‰΄ μ μμ–΄μ„ μΆ‹μ•μ–΄μ”,κΉ¨λ—ν•κ³  νΈν•κ² μ‰΄ μ μμ–΄μ„ μΆ‹μ•μ–΄μ”,2019. 11. 29
172,λ΅―λ°νΈν…” μ›”λ“,5,"μ„λΉ„μ¤ κµΏ
5μ„±κΈ‰μΈκ±°μ— λΉ„ν•΄ λ°© μ‹μ„¤μ€ κ·Έλƒ¥ κ·Έλ ‡λ‹¤κ³  μƒκ°ν•λ”λ°,
μ „λ§μ΄ μ •λ§ μΆ‹λ„¤μ© ν—¤
μ΅°μ‹ ν΄λΌμ¤ γ…‡γ…",μ„λΉ„μ¤ κµΏμ„±κΈ‰μΈκ±°μ— λΉ„ν•΄ λ°© μ‹μ„¤μ€ κ·Έλƒ¥ κ·Έλ ‡λ‹¤κ³  μƒκ°ν•λ”λ°μ „λ§μ΄ μ •λ§ μΆ‹λ„¤μ© ν—¤μ΅°μ‹ ν΄λΌμ¤ γ…‡γ…,2019. 11. 28
173,λ΅―λ°νΈν…” μ›”λ“,5,λ•λ¶„μ— μ•„μ£Ό νΈν•κ² μ μ‰¬λ‹¤κ°‘λ‹λ‹¤,λ•λ¶„μ— μ•„μ£Ό νΈν•κ² μ μ‰¬λ‹¤κ°‘λ‹λ‹¤,2019. 11. 23
174,λ΅―λ°νΈν…” μ›”λ“,5,"νΈμ•ν•κ² μμ‰¬λ‹¤μ™”μ–΄μ”.μ„μ΄νΈμ,ν•κ°•λ„λ³΄μ΄κ³  μ§μ›λ¶„λ“¤ μΉμ μ΄μ•Ό λ§ν• κ²ƒλ„μ—†κ³  λ‹¤μμ— λ.",νΈμ•ν•κ² μμ‰¬λ‹¤μ™”μ–΄μ”μ„μ΄νΈμν•κ°•λ„λ³΄μ΄κ³  μ§μ›λ¶„λ“¤ μΉμ μ΄μ•Ό λ§ν• κ²ƒλ„μ—†κ³  λ‹¤μμ— λ,2019. 11. 22
175,λ΅―λ°νΈν…” μ›”λ“,5,λ„λ¬΄ μΆ‹λ„¤μ” ν–‰λ³µν•κ² μ μλ‹¤κ°€ κ°‘λ‹λ‹Ή,λ„λ¬΄ μΆ‹λ„¤μ” ν–‰λ³µν•κ² μ μλ‹¤κ°€ κ°‘λ‹λ‹Ή,2019. 11. 21
176,λ΅―λ°νΈν…” μ›”λ“,5,λ΅―λ°μ›”λ“ κ°€λ ¤κ³  μμ•½ν–μ—λ”λ° μ—­μ‹ 5μ„±κΈ‰μ€ μ—­μ‹λ‚μ…λ‹λ‹¤,λ΅―λ°μ›”λ“ κ°€λ ¤κ³  μμ•½ν–μ—λ”λ° μ—­μ‹ μ„±κΈ‰μ€ μ—­μ‹λ‚μ…λ‹λ‹¤,2019. 11. 17
177,λ΅―λ°νΈν…” μ›”λ“,5,μΆ‹μ€ νΈν…”λ‹µκ² μ μ‰¬μ—λ‹¤κ°‘λ‹λ‹¤,μΆ‹μ€ νΈν…”λ‹µκ² μ μ‰¬μ—λ‹¤κ°‘λ‹λ‹¤,2019. 11. 16
178,λ΅―λ°νΈν…” μ›”λ“,5,λ¬΄μ—‡λ³΄λ‹¤ μ¤λλ κ±΄λ¬Όμ΄μ§€λ§ μ§μ›λ¶„λ“¤ μ„λΉ„μ¤κ°€ κ°€μ¥μΆ‹μ•μ–΄μ”,λ¬΄μ—‡λ³΄λ‹¤ μ¤λλ κ±΄λ¬Όμ΄μ§€λ§ μ§μ›λ¶„λ“¤ μ„λΉ„μ¤κ°€ κ°€μ¥μΆ‹μ•μ–΄μ”,2019. 11. 11
179,λ΅―λ°νΈν…” μ›”λ“,4,"μ™€μ΄ν”„κ°€ μΉκµ¬λ‘ μμ‰¬μ—λ‹¤κ°„λ‹¤μΊ…λ‹λ‹¤
κ³µμ§μν™”ν‘ ν•λ‚μ£Όκ³  κ΄μ°®λ„¤μ”",μ™€μ΄ν”„κ°€ μΉκµ¬λ‘ μμ‰¬μ—λ‹¤κ°„λ‹¤μΊ…λ‹λ‹¤κ³µμ§μν™”ν‘ ν•λ‚μ£Όκ³  κ΄μ°®λ„¤μ”,2019. 11. 09
180,λ΅―λ°νΈν…” μ›”λ“,5,"15μ‹ μ •κ°μ— μ²΄ν¬μΈ ν–λ”λ° λ¬΄λ£λ΅ λ£Έ μ—…κ·Έλ μ΄λ“ λ°›μ•„μ„ νƒ€μ›λ·°μ—μ„ μ™λ°•ν–μµλ‹λ‹¤. 
μΈµμλ” λ‚®μ•μ§€λ§ μ™„λ²½ν–κµ¬μ”. 
μ£Όλ³€μ— λ³Όκ±°λ¦¬κ°€ λ§μ•„ μΆ‹μ•μµλ‹λ‹¤. 
λ‹¤λ§ μƒ¤μ›μ»¤νΌμ—μ„ μ΅°κΈ λƒ„μƒκ°€ λ‚λ”κ² μ•„μ‰¬μ› μµλ‹λ‹¤. 
λ‹¤μμ— λ‹¤μ‹ μ¤κ³ μ‹¶μ€ κ³³μ΄μ—μ”λ”λ³΄κΈ°",μ‹ μ •κ°μ— μ²΄ν¬μΈ ν–λ”λ° λ¬΄λ£λ΅ λ£Έ μ—…κ·Έλ μ΄λ“ λ°›μ•„μ„ νƒ€μ›λ·°μ—μ„ μ™λ°•ν–μµλ‹λ‹¤ μΈµμλ” λ‚®μ•μ§€λ§ μ™„λ²½ν–κµ¬μ” μ£Όλ³€μ— λ³Όκ±°λ¦¬κ°€ λ§μ•„ μΆ‹μ•μµλ‹λ‹¤ λ‹¤λ§ μƒ¤μ›μ»¤νΌμ—μ„ μ΅°κΈ λƒ„μƒκ°€ λ‚λ”κ² μ•„μ‰¬μ› μµλ‹λ‹¤ λ‹¤μμ— λ‹¤μ‹ μ¤κ³ μ‹¶μ€ κ³³μ΄μ—μ”λ”λ³΄κΈ°,2019. 11. 04
181,λ΅―λ°νΈν…” μ›”λ“,5,μ—­μ‹ κµ­λ‚΄ 5μ„±κΈ‰ νΈν…”μ΄μ£ . λ§ν•΄ λ¬΄μ—‡ν•λ‚μ”,μ—­μ‹ κµ­λ‚΄ μ„±κΈ‰ νΈν…”μ΄μ£  λ§ν•΄ λ¬΄μ—‡ν•λ‚μ”,2019. 10. 31
182,λ΅―λ°νΈν…” μ›”λ“,4,μ‹μ„¤μ΄ μΆ€ μ¤λλ κ²ƒμ€ μ–΄μ©”μ μ—†μ§€λ§ λ‚λ¦„ νΈν•κ³  κ΄μ°®μ•μ–΄μ”. μ•μ΅° λ°”λ‹¥μ΄ λ“¤λ¨κ³  μΆ€ κ·Έλ¬μ§€λ§ μ²­κ²°λ„λ‚ μ‚¬μ©μƒμ— λ¬Έμ λ” μ—†μ—μµλ‹λ‹¤.,μ‹μ„¤μ΄ μΆ€ μ¤λλ κ²ƒμ€ μ–΄μ©”μ μ—†μ§€λ§ λ‚λ¦„ νΈν•κ³  κ΄μ°®μ•μ–΄μ” μ•μ΅° λ°”λ‹¥μ΄ λ“¤λ¨κ³  μΆ€ κ·Έλ¬μ§€λ§ μ²­κ²°λ„λ‚ μ‚¬μ©μƒμ— λ¬Έμ λ” μ—†μ—μµλ‹λ‹¤,2019. 10. 28
183,λ΅―λ°νΈν…” μ›”λ“,5,κ±΄λ¬Όμƒ μ¤λλμ–΄ λ³΄μ΄κΈ΄ ν•λ° μΉ¨λ€κ°€ μ§„μ§ μΆ‹μ•„μ”!! μ§„μ§ κΏ€μ μ¤μ–΄μ”!!! λ‹¤μ‹ κ°„λ‹¤κ³ ν•λ©΄ κ°κ±°μμ”!!,κ±΄λ¬Όμƒ μ¤λλμ–΄ λ³΄μ΄κΈ΄ ν•λ° μΉ¨λ€κ°€ μ§„μ§ μΆ‹μ•„μ” μ§„μ§ κΏ€μ μ¤μ–΄μ” λ‹¤μ‹ κ°„λ‹¤κ³ ν•λ©΄ κ°κ±°μμ”,2019. 10. 15
184,λ΅―λ°νΈν…” μ›”λ“,5,λ·°λ„μΆ‹κ³   μ§μ›λ¶„λ„μΉμ² ν•κ³ μ—­μ‹μΆ‹λ„¤μ”,λ·°λ„μΆ‹κ³   μ§μ›λ¶„λ„μΉμ² ν•κ³ μ—­μ‹μΆ‹λ„¤μ”,2019. 10. 14
185,λ΅―λ°νΈν…” μ›”λ“,5,κΉ”λ”ν•κ³  λ§μ΅±ν•κ² μ μ‰¬λ‹¤κ°€κ°‘λ‹λ‹¤!,κΉ”λ”ν•κ³  λ§μ΅±ν•κ² μ μ‰¬λ‹¤κ°€κ°‘λ‹λ‹¤,2019. 10. 10
186,λ΅―λ°νΈν…” μ›”λ“,4,"λ΅―λ°νΈν…” μ μ‹¤μ€ μ²μμ΄μ€μ–΄μ”
μ§μ›λ¶„λ“¤μ€ μ°Έ μ§„μ ν•μ…¨μµλ‹λ‹¤
λ£Έμ„λΉ„μ¤λ„ λ§μ΅±μ¤λ¬μ› μ–΄μ”~^^",λ΅―λ°νΈν…” μ μ‹¤μ€ μ²μμ΄μ€μ–΄μ”μ§μ›λ¶„λ“¤μ€ μ°Έ μ§„μ ν•μ…¨μµλ‹λ‹¤λ£Έμ„λΉ„μ¤λ„ λ§μ΅±μ¤λ¬μ› μ–΄μ”,2019. 09. 23
187,λ΅―λ°νΈν…” μ›”λ“,3,"κµν†µκ³Ό μ£Όλ³€ν™κ²½ λ†€κ±°λ¦¬λ” νΈλ¦¬ν•μ§€λ§
λ¦¬λ¨λΈλ§μ΄ ν•„μ”ν•΄ λ³΄μ„",κµν†µκ³Ό μ£Όλ³€ν™κ²½ λ†€κ±°λ¦¬λ” νΈλ¦¬ν•μ§€λ§λ¦¬λ¨λΈλ§μ΄ ν•„μ”ν•΄ λ³΄μ„,2019. 09. 23
188,λ΅―λ°νΈν…” μ›”λ“,3,"μ¤λλμ„ λ¦¬λ¨λΈλ§μ΄ ν•„μ”ν•λ“―
μ„Έλ©΄λ€ λ°°μκµ¬ λ¬Όμ΄ λ‚΄λ ¤κ°€μ§€ μ•μ•„ μ•μ΅°μ…”μ›κΈ°λ΅ μ„Έμν–μµλ‹λ‹¤ 5μ„±κΈ‰ νΈν…”μ΄ λ§λ”μ§€ ...",μ¤λλμ„ λ¦¬λ¨λΈλ§μ΄ ν•„μ”ν•λ“―μ„Έλ©΄λ€ λ°°μκµ¬ λ¬Όμ΄ λ‚΄λ ¤κ°€μ§€ μ•μ•„ μ•μ΅°μ…”μ›κΈ°λ΅ μ„Έμν–μµλ‹λ‹¤ μ„±κΈ‰ νΈν…”μ΄ λ§λ”μ§€ ,2019. 09. 23
189,λ΅―λ°νΈν…” μ›”λ“,5,μ •λ§ ν–‰λ³µν–λ μ‹κ°„λ“¤μ΄μ—μ–΄μ” μ²μ κ°€λ³Έ λ΅―λ°νΈν…”μ΄μ—μ§€λ§ λ„λ¬΄ μΉμ ν•΄μ„ λ‹Ήν™©ν•  μ •λ„ μ€μµλ‹λ‹¤!!!μ •λ§ μ΄λμ„ νΉκΈ‰ νΈν…”μ„ κ°€λ”κµ¬λ‚ μ‹¶λ”λΌκ³ μ”!! μ •λ§ μ°¨ μ•λκ³  λ†€λ¬κ°€κ³  μ‹¶μ„λ• μ κ·Ή μ¶”μ² ν•©λ‹λ‹¤!!!γ…γ…,μ •λ§ ν–‰λ³µν–λ μ‹κ°„λ“¤μ΄μ—μ–΄μ” μ²μ κ°€λ³Έ λ΅―λ°νΈν…”μ΄μ—μ§€λ§ λ„λ¬΄ μΉμ ν•΄μ„ λ‹Ήν™©ν•  μ •λ„ μ€μµλ‹λ‹¤μ •λ§ μ΄λμ„ νΉκΈ‰ νΈν…”μ„ κ°€λ”κµ¬λ‚ μ‹¶λ”λΌκ³ μ” μ •λ§ μ°¨ μ•λκ³  λ†€λ¬κ°€κ³  μ‹¶μ„λ• μ κ·Ή μ¶”μ² ν•©λ‹λ‹¤γ…γ…,2019. 09. 16
190,λ΅―λ°νΈν…” μ›”λ“,5,"μ„μΉ, κ°μ‹¤ λ¨λ‘ λ§μ΅±μ¤λ¬μ›€.
λ‹¤λ§ μ•μ‹¤μ λ°°μκ°€ μ λμ§€ μ•μ•„μ„ μ•„μ‰¬μ›€.
λ¨λ‘ λ§μ΅±μ¤λ¬μ› λ νΈν…”λ΅ κΈ°μ–µν•  λ“―.",μ„μΉ κ°μ‹¤ λ¨λ‘ λ§μ΅±μ¤λ¬μ›€λ‹¤λ§ μ•μ‹¤μ λ°°μκ°€ μ λμ§€ μ•μ•„μ„ μ•„μ‰¬μ›€λ¨λ‘ λ§μ΅±μ¤λ¬μ› λ νΈν…”λ΅ κΈ°μ–µν•  λ“―,2019. 09. 12
191,λ΅―λ°νΈν…” μ›”λ“,5,μ§μ›λ¶„λ“¤λ„ λ„λ¬΄ μΉμ ν•κ³  νΈμμ‹μ„¤λ„ μΆ‹μ•μµλ‹λ‹¤,μ§μ›λ¶„λ“¤λ„ λ„λ¬΄ μΉμ ν•κ³  νΈμμ‹μ„¤λ„ μΆ‹μ•μµλ‹λ‹¤,2019. 09. 08
192,λ΅―λ°νΈν…” μ›”λ“,5,"μ „μ‚°μ •λ³΄μΆ€ λ„κ²¨μ¤μ”
λΉ¨λ¦¬λ†€κ³ μ‹¶μ–΄μ”",μ „μ‚°μ •λ³΄μΆ€ λ„κ²¨μ¤μ”λΉ¨λ¦¬λ†€κ³ μ‹¶μ–΄μ”,2019. 09. 07
193,λ΅―λ°νΈν…” μ›”λ“,5,"μ‹μ„¤μ€ μ¤λλ λ“― ν–μ§€λ§ μ§μ›λ¶„λ“¤μ μΉμ ν•¨μ΄λ‚ μ²­κ²°λ„, μ£Όλ³€ ν™κ²½ λ“±μ€ 5μ„­κΈ‰ νΈν…”λ‹¤μ› μµλ‹λ‹¤. λ‹¤μμ— λ‹¤μ‹ μ¤κ² μµλ‹λ‹¤.",μ‹μ„¤μ€ μ¤λλ λ“― ν–μ§€λ§ μ§μ›λ¶„λ“¤μ μΉμ ν•¨μ΄λ‚ μ²­κ²°λ„ μ£Όλ³€ ν™κ²½ λ“±μ€ μ„­κΈ‰ νΈν…”λ‹¤μ› μµλ‹λ‹¤ λ‹¤μμ— λ‹¤μ‹ μ¤κ² μµλ‹λ‹¤,2019. 08. 27
194,λ΅―λ°νΈν…” μ›”λ“,5,"μ§€ν•μ² λ΅ λ°”λ΅ μ—°κ²°λμ–΄ μμ–΄ κµν†µνΈμ€ μ•„μ£Ό μΆ‹μµλ‹λ‹¤
λΉ„λ΅ λ…Έν›„λ μ‹μ„¤μ΄κΈ΄ ν•΄λ„ λ΅λΉ„μ—μ„ λκ»΄μ§€λ” κ³ κΈ‰μ§μ΄λ‚ μ§μ›λ“¤μ μ„λΉ„μ¤λ” μΉ­μ°¬ν•΄ μ£Όκ³  μ‹¶λ„¤μ”
μ΅°μ‹λ„ ν›λ¥­ν–κ³  λ΅―λ°λ°±ν™”μ μ΄λ‚ μ›”λ“λ°μ΄ κ·Όμ ‘ν•΄μμ–΄ μ‡Όν•‘κ³Ό λ¬Έν™”κ³µκ°„μ„ ν™μ©ν•κΈ°μ—λ„ λ”μ—†μ΄ μΆ‹μ•μµλ‹λ‹¤",μ§€ν•μ² λ΅ λ°”λ΅ μ—°κ²°λμ–΄ μμ–΄ κµν†µνΈμ€ μ•„μ£Ό μΆ‹μµλ‹λ‹¤λΉ„λ΅ λ…Έν›„λ μ‹μ„¤μ΄κΈ΄ ν•΄λ„ λ΅λΉ„μ—μ„ λκ»΄μ§€λ” κ³ κΈ‰μ§μ΄λ‚ μ§μ›λ“¤μ μ„λΉ„μ¤λ” μΉ­μ°¬ν•΄ μ£Όκ³  μ‹¶λ„¤μ”μ΅°μ‹λ„ ν›λ¥­ν–κ³  λ΅―λ°λ°±ν™”μ μ΄λ‚ μ›”λ“λ°μ΄ κ·Όμ ‘ν•΄μμ–΄ μ‡Όν•‘κ³Ό λ¬Έν™”κ³µκ°„μ„ ν™μ©ν•κΈ°μ—λ„ λ”μ—†μ΄ μΆ‹μ•μµλ‹λ‹¤,2019. 08. 23
195,λ΅―λ°νΈν…” μ›”λ“,5,"ν¨ν‚¤μ§€λ” 2μΈµμΌλ΅κ°€μ„ μ²΄ν¬μΈν•λ©΄ λ©λ‹λ‹¤
μ μ΄μ•ΌκΈ°ν•΄μ„ μ—μΈµ λ‹¬λΌκ³  ν–λ”λ‹ νΈμλ·° μ£Όμ…¨μ–΄μ”  
μ§μ›λ¶„ μ§± κ³ λ§μ›μ” β¤οΈβ¤οΈ μ•Όλ†€μ λ€λ°• 
μ§„μ§ μµκ³ μ ν•λ£¨ λ³΄λƒμ–΄μ” 
μμλ¨λ” λΉλ ¤μ£Όλ‹κΉ μμλ³µ μ±™κ²¨κ°€μ„Έμ”λ”λ³΄κΈ°",ν¨ν‚¤μ§€λ” μΈµμΌλ΅κ°€μ„ μ²΄ν¬μΈν•λ©΄ λ©λ‹λ‹¤μ μ΄μ•ΌκΈ°ν•΄μ„ μ—μΈµ λ‹¬λΌκ³  ν–λ”λ‹ νΈμλ·° μ£Όμ…¨μ–΄μ”  μ§μ›λ¶„ μ§± κ³ λ§μ›μ”  μ•Όλ†€μ λ€λ°• μ§„μ§ μµκ³ μ ν•λ£¨ λ³΄λƒμ–΄μ” μμλ¨λ” λΉλ ¤μ£Όλ‹κΉ μμλ³µ μ±™κ²¨κ°€μ„Έμ”λ”λ³΄κΈ°,2019. 08. 19
196,λ΅―λ°νΈν…” μ›”λ“,3,"μ—­μ‹ 5μ„± νΈν…”λ‹µκ² μΆ‹μ•μµλ‹λ‹¤λ§.....μ¤λλ κ±΄λ¬Όμ΄λΌ κ·Έλ°μ§€ μ„Έλ©΄λ€ κµ¬λ© λ§‰λ”κ±°κ°€ λ½‘ν€μ§€λ”λΌκ³ μ”.γ…΅γ……γ…΅
λ­ μ΄μ™Έλ” μ •λ§ μΆ‹μ•μ–΄μ”. λ‹¤λ“¤ μΉμ ν•μ‹κ³ μ”.
μ λ³΄λ‚΄λ‹¤κ°€ κ°‘λ‹λ‹¤.",μ—­μ‹ μ„± νΈν…”λ‹µκ² μΆ‹μ•μµλ‹λ‹¤λ§μ¤λλ κ±΄λ¬Όμ΄λΌ κ·Έλ°μ§€ μ„Έλ©΄λ€ κµ¬λ© λ§‰λ”κ±°κ°€ λ½‘ν€μ§€λ”λΌκ³ μ”γ…΅γ……γ…΅λ­ μ΄μ™Έλ” μ •λ§ μΆ‹μ•μ–΄μ” λ‹¤λ“¤ μΉμ ν•μ‹κ³ μ”μ λ³΄λ‚΄λ‹¤κ°€ κ°‘λ‹λ‹¤,2019. 07. 29
197,λ΅―λ°νΈν…” μ›”λ“,5,"λ¨λ“ λ¶€λ¶„μ—μ„ λ§μ μ…λ‹λ‹¤!!! 
λΉ„μ‹ΈκΈ΄ν•μ§€λ§ μ¶”μ²",λ¨λ“ λ¶€λ¶„μ—μ„ λ§μ μ…λ‹λ‹¤ λΉ„μ‹ΈκΈ΄ν•μ§€λ§ μ¶”μ²,2019. 07. 21
198,λ΅―λ°νΈν…” μ›”λ“,5,"μ—­μ‹λ΅―λ°νΈν…”..μ‹μ„¤κΉ¨λ—ν•κ³ , ν¨ν‚¤μ§€κµ¬μ„±μΆ‹κµ¬μ”.. λμ¤κ³ μ‹¶λ„¤μ”.",μ—­μ‹λ΅―λ°νΈν…”μ‹μ„¤κΉ¨λ—ν•κ³  ν¨ν‚¤μ§€κµ¬μ„±μΆ‹κµ¬μ” λμ¤κ³ μ‹¶λ„¤μ”,2019. 07. 18
199,λ΅―λ°νΈν…” μ›”λ“,4,μ§μ›μ΄ μ°Έ μΉμ ν•κ³  νΈν…”μ΄ λ°±ν™”μ μ΄λ‘ μ§€ν•μ²  ν†µλ΅κ°€ μμ–΄ μ‰½κ² μ›€μ§μΌ μ μλ‹¤λ” κ²ƒμ΄ μµκ³ μ μ¥μ μ΄μ—μµλ‹λ‹¤.,μ§μ›μ΄ μ°Έ μΉμ ν•κ³  νΈν…”μ΄ λ°±ν™”μ μ΄λ‘ μ§€ν•μ²  ν†µλ΅κ°€ μμ–΄ μ‰½κ² μ›€μ§μΌ μ μλ‹¤λ” κ²ƒμ΄ μµκ³ μ μ¥μ μ΄μ—μµλ‹λ‹¤,2019. 07. 01
200,λ΅―λ°νΈν…” μ›”λ“,5,"λ§¤μ° λ§μ΅±ν•©λ‹λ‹¤. μ „μ²΄μ μΈ ν¨ν‚¤μ§€ μƒν’μ΄ μΆ‹μ•μµλ‹λ‹¤. λ΅―λ°νΈν…”μ€ λ…λ™κ³Ό μ›”λ“μ μ„ μ΄μ©ν•΄λ΄¤λ”λ°, λ‘ κ³³ λ¨λ‘ κµν†µκ³Ό μ…μ§€λ” μµκ³ μμ”. λ‹¤λ§, μ›”λ“μ μ€ λ¦¬λ…Έλ² μ΄μ…μ΄ ν•„μ”ν•΄λ³΄μ…λ‹λ‹¤. λ¬Όμ–΄λ³΄λ‹ λ‚΄λ…„μ—” ν•λ‹¤ ν•λ”λΌκ³ μ”. λ‚΅μ€ λ¶€λ¶„μ΄ μμ§€λ§, κ΄€λ¦¬λ” μ μ΄λ¤„μ§€κ³  μμµλ‹λ‹¤. νΈν…” λ΅λΉ„λ” λ…λ™λ³΄λ‹¤ ν•μ‚°ν•κ³  λ” κ³ κΈ‰μ§‘λ‹λ‹¤. λΌμ„Έλλ” μ—¬μ „ν λ§›μκ³ μ”. ν”ΌνΈλ‹μ¤μ™€ μ‚¬μ°λ‚λ” λ…λ™λ³΄λ‹¨ μ„Έλ ¨λ λλ‚μ€ λ ν•λ°, ν•μ ν•΄μ„ μ‰¬κΈ° μΆ‹μµλ‹λ‹¤. μ§μ›λ¶„λ“¤μ€ μ •λ§ μΉμ ν•μ‹­λ‹λ‹¤. λ£Έλ„ μ—…κ·Έλ μ΄λ“ ν•΄μ£Όμ…¨κ³ , λ·°λ„ μ„μ΄νΈμ λ°©λ©΄μ΄λΌ μ°Έ μΆ‹μ•μµλ‹λ‹¤. μ„Έμ‹¬ν λλ΄μ¤€λ‹¤λ” μΆ‹μ€ μΈμƒ λ°›μ•μµλ‹λ‹¤. ν¨ν‚¤μ§€λ΅ μ•„μΏ μ•„λ¦¬μ›€λ„ μ΄μ©ν–λ”λ°, μ •λ§ μ¦κ±°μ› μµλ‹λ‹¤. μ¶”ν›„ λ μ΄μ©ν•κ² μµλ‹λ‹¤.",λ§¤μ° λ§μ΅±ν•©λ‹λ‹¤ μ „μ²΄μ μΈ ν¨ν‚¤μ§€ μƒν’μ΄ μΆ‹μ•μµλ‹λ‹¤ λ΅―λ°νΈν…”μ€ λ…λ™κ³Ό μ›”λ“μ μ„ μ΄μ©ν•΄λ΄¤λ”λ° λ‘ κ³³ λ¨λ‘ κµν†µκ³Ό μ…μ§€λ” μµκ³ μμ” λ‹¤λ§ μ›”λ“μ μ€ λ¦¬λ…Έλ² μ΄μ…μ΄ ν•„μ”ν•΄λ³΄μ…λ‹λ‹¤ λ¬Όμ–΄λ³΄λ‹ λ‚΄λ…„μ—” ν•λ‹¤ ν•λ”λΌκ³ μ” λ‚΅μ€ λ¶€λ¶„μ΄ μμ§€λ§ κ΄€λ¦¬λ” μ μ΄λ¤„μ§€κ³  μμµλ‹λ‹¤ νΈν…” λ΅λΉ„λ” λ…λ™λ³΄λ‹¤ ν•μ‚°ν•κ³  λ” κ³ κΈ‰μ§‘λ‹λ‹¤ λΌμ„Έλλ” μ—¬μ „ν λ§›μκ³ μ” ν”ΌνΈλ‹μ¤μ™€ μ‚¬μ°λ‚λ” λ…λ™λ³΄λ‹¨ μ„Έλ ¨λ λλ‚μ€ λ ν•λ° ν•μ ν•΄μ„ μ‰¬κΈ° μΆ‹μµλ‹λ‹¤ μ§μ›λ¶„λ“¤μ€ μ •λ§ μΉμ ν•μ‹­λ‹λ‹¤ λ£Έλ„ μ—…κ·Έλ μ΄λ“ ν•΄μ£Όμ…¨κ³  λ·°λ„ μ„μ΄νΈμ λ°©λ©΄μ΄λΌ μ°Έ μΆ‹μ•μµλ‹λ‹¤ μ„Έμ‹¬ν λλ΄μ¤€λ‹¤λ” μΆ‹μ€ μΈμƒ λ°›μ•μµλ‹λ‹¤ ν¨ν‚¤μ§€λ΅ μ•„μΏ μ•„λ¦¬μ›€λ„ μ΄μ©ν–λ”λ° μ •λ§ μ¦κ±°μ› μµλ‹λ‹¤ μ¶”ν›„ λ μ΄μ©ν•κ² μµλ‹λ‹¤,2019. 05. 02
201,λ΅―λ°νΈν…” μ›”λ“,4,"μ™μ† μ‚¬μ§„μ€ μ—†λ„¤μ”...
μ°μ„  νΈν…”λ‹µκ² μ§μ›λ¶„λ“¤ μΉμ μ€ λ‘λ§ ν• κ²ƒ μ—†μ΄ μµκ³ μ€μµλ‹λ‹¤. μΉλ§¥ ν¨ν‚¤μ§€λ„ μΉμ ν•κ² ν¬μ¥ν•΄μ£Όμ…”μ„ κ°μ‹¤μ—μ„ λ¨Ήμ—κµ¬μ”, μ£Όλ¬Έ λ°›μΌμ‹λ” μ¦‰μ‹ ν€κ²¨ μ£Όμ…”μ„ μ •λ§ λ§›μμ—μµλ‹λ‹¤. 
κ°μ‹¤μ€ λ°©μμ΄ μ΅°κΈ μ•½ν•κ±° κ°™μ•μµλ‹λ‹¤. μ•„λ§ κ°€μ΅±λ‹¨μ„λ΅ μ¤λ” κ²½μ°κ°€ λ§μ•„μ„μΈμ§€λ” λ¨λ¥΄κ² μµλ‹λ‹¤λ§, κ°μ‹¤ μ•μ—μ„ λ³µλ„ μ†λ¦¬κ°€ λ“¤λ¦΄μ •λ„μ€μΌλ‹ λ°©μμ€ μ΅°κΈ μ•½ν–μµλ‹λ‹¤.
μ••ν™”μ΄λ²¤νΈμ— λ€ν•΄μ„ λ§μ”€μ„ λ“λ¦¬μλ©΄, μ•Όλ†€μμΈ΅κ³Ό μ΄λ²¤νΈ μ—…μ²΄?μΈ΅ κ°„μ μ»¤λ®¤λ‹μΌ€μ΄μ…μ΄ λ λλ”μ§€ μ•Όλ†€μμ— κ³µμ§€λμ–΄ μλ” μΌμ”μΌ μ¤μ „ 10μ‹μ— λ°©λ¬Έμ„ ν–μΌλ‚, μ¤ν›„ 1μ‹λ¶€ν„° κ°€λ¥ν•λ‹¤κ³  ν•΄μ„ μ••ν™”ν‚·μ€ κ·Έλƒ¥ κ·Έλ€λ΅ κ°€μ Έμ™”μµλ‹λ‹¤..κ·Έλ° κ³µμ§€ μ •λ„λ” μ΅°κΈ μΌμ° ν•΄ μ£Όμ…¨μΌλ©΄ μΆ‹μ•μ„κ±° κ°™λ‹¤λΌλ” μƒκ°μ΄ λ“­λ‹λ‹¤.
κ·Έλλ„ μ£Όμ°¨λΌλμ§€ κΈ°νƒ€ μ‹μ„¤, νΈμλ“±μ€ μ •λ§ λ§μ΅± ν–μµλ‹λ‹¤.
μ¶”ν›„ κΈ°νκ°€ λλ©΄ λ λ°©λ¬Έ ν•κ³  μ‹¶λ„¤μ”!!λ”λ³΄κΈ°",μ™μ† μ‚¬μ§„μ€ μ—†λ„¤μ”μ°μ„  νΈν…”λ‹µκ² μ§μ›λ¶„λ“¤ μΉμ μ€ λ‘λ§ ν• κ²ƒ μ—†μ΄ μµκ³ μ€μµλ‹λ‹¤ μΉλ§¥ ν¨ν‚¤μ§€λ„ μΉμ ν•κ² ν¬μ¥ν•΄μ£Όμ…”μ„ κ°μ‹¤μ—μ„ λ¨Ήμ—κµ¬μ” μ£Όλ¬Έ λ°›μΌμ‹λ” μ¦‰μ‹ ν€κ²¨ μ£Όμ…”μ„ μ •λ§ λ§›μμ—μµλ‹λ‹¤ κ°μ‹¤μ€ λ°©μμ΄ μ΅°κΈ μ•½ν•κ±° κ°™μ•μµλ‹λ‹¤ μ•„λ§ κ°€μ΅±λ‹¨μ„λ΅ μ¤λ” κ²½μ°κ°€ λ§μ•„μ„μΈμ§€λ” λ¨λ¥΄κ² μµλ‹λ‹¤λ§ κ°μ‹¤ μ•μ—μ„ λ³µλ„ μ†λ¦¬κ°€ λ“¤λ¦΄μ •λ„μ€μΌλ‹ λ°©μμ€ μ΅°κΈ μ•½ν–μµλ‹λ‹¤μ••ν™”μ΄λ²¤νΈμ— λ€ν•΄μ„ λ§μ”€μ„ λ“λ¦¬μλ©΄ μ•Όλ†€μμΈ΅κ³Ό μ΄λ²¤νΈ μ—…μ²΄μΈ΅ κ°„μ μ»¤λ®¤λ‹μΌ€μ΄μ…μ΄ λ λλ”μ§€ μ•Όλ†€μμ— κ³µμ§€λμ–΄ μλ” μΌμ”μΌ μ¤μ „ μ‹μ— λ°©λ¬Έμ„ ν–μΌλ‚ μ¤ν›„ μ‹λ¶€ν„° κ°€λ¥ν•λ‹¤κ³  ν•΄μ„ μ••ν™”ν‚·μ€ κ·Έλƒ¥ κ·Έλ€λ΅ κ°€μ Έμ™”μµλ‹λ‹¤κ·Έλ° κ³µμ§€ μ •λ„λ” μ΅°κΈ μΌμ° ν•΄ μ£Όμ…¨μΌλ©΄ μΆ‹μ•μ„κ±° κ°™λ‹¤λΌλ” μƒκ°μ΄ λ“­λ‹λ‹¤κ·Έλλ„ μ£Όμ°¨λΌλμ§€ κΈ°νƒ€ μ‹μ„¤ νΈμλ“±μ€ μ •λ§ λ§μ΅± ν–μµλ‹λ‹¤μ¶”ν›„ κΈ°νκ°€ λλ©΄ λ λ°©λ¬Έ ν•κ³  μ‹¶λ„¤μ”λ”λ³΄κΈ°,2019. 04. 29
202,λ΅―λ°νΈν…” μ›”λ“,5,"λ°©μ—μ„ λ³΄μ΄λ” λ·°κ°€ μ΄λμ”γ…γ…. κ³ κΈ‰νΈν…”λ‹µκ² μΉμ ν•κ³ , ννΈλ‹μ¤ μ‚¬μ°λ‚ μμμ¥μ΄ 2λ…λ‹¤ μΌλ°•μ΄μΌλ™μ• ν•λ£¨μ— ν•λ²μ”© μ΄μ©ν•  μ μλ‹¤λ‹ μ°Έ μΆ‹μ•λλ“―μ”!",λ°©μ—μ„ λ³΄μ΄λ” λ·°κ°€ μ΄λμ”γ…γ… κ³ κΈ‰νΈν…”λ‹µκ² μΉμ ν•κ³  ννΈλ‹μ¤ μ‚¬μ°λ‚ μμμ¥μ΄ λ…λ‹¤ μΌλ°•μ΄μΌλ™μ• ν•λ£¨μ— ν•λ²μ”© μ΄μ©ν•  μ μλ‹¤λ‹ μ°Έ μΆ‹μ•λλ“―μ”,2019. 04. 27
203,λ΅―λ°νΈν…” μ›”λ“,5,λ¶€λ¨λ‹κ»μ„ λ¬΄μ²™ μΆ‹μ•„ν•μ…¨μµλ‹λ‹¤.,λ¶€λ¨λ‹κ»μ„ λ¬΄μ²™ μΆ‹μ•„ν•μ…¨μµλ‹λ‹¤,2019. 04. 13
204,λ΅―λ°νΈν…” μ›”λ“,5,λ¶€λ¨λ‹κ»μ„ λ„λ¬΄ μΆ‹μ•„ν•μ…¨μµλ‹λ‹¤.,λ¶€λ¨λ‹κ»μ„ λ„λ¬΄ μΆ‹μ•„ν•μ…¨μµλ‹λ‹¤,2019. 04. 13
205,λ΅―λ°νΈν…” μ›”λ“,5,μ¤λλ κ°μ΄ μ—†μ§€λ” μ•μ§€λ§ λ°±ν™”μ  λ΅―λ°μ›”λ“ μ—°κ²°λμ–΄ μκ³  μ„μΉκ°€ μΆ‹μ•„μ”,μ¤λλ κ°μ΄ μ—†μ§€λ” μ•μ§€λ§ λ°±ν™”μ  λ΅―λ°μ›”λ“ μ—°κ²°λμ–΄ μκ³  μ„μΉκ°€ μΆ‹μ•„μ”,2019. 03. 14
206,λ΅―λ°νΈν…” μ›”λ“,5,μ‹μ„¤λ„ νΈμ΄ν•κ³  μ„λΉ„μ¤λ„ μΆ‹μ•μµλ‹λ‹¤~~^.^,μ‹μ„¤λ„ νΈμ΄ν•κ³  μ„λΉ„μ¤λ„ μΆ‹μ•μµλ‹λ‹¤,2019. 02. 26
207,λ΅―λ°νΈν…” μ›”λ“,5,λ¨λ“ λ©΄μ—μ„ λ‹¤ μΆ‹μ•μµλ‹λ‹¤ μ μ‰¬κ³  λ‚μ™”μ–΄μ”γ…γ…,λ¨λ“ λ©΄μ—μ„ λ‹¤ μΆ‹μ•μµλ‹λ‹¤ μ μ‰¬κ³  λ‚μ™”μ–΄μ”γ…γ…,2019. 02. 13
208,λ΅―λ°νΈν…” μ›”λ“,4,"λ·°λ” μ•„μ‰¬μ› μ§€λ§, μΉμ ν•κ² μ±™κ²¨μ£Όμ…”μ„ μ μ‰¬κ³  κ°€μ”!
μμμ¥λ„ μ΅°μ©ν•΄μ„ μΆ‹μ•μ–΄μ” :)",λ·°λ” μ•„μ‰¬μ› μ§€λ§ μΉμ ν•κ² μ±™κ²¨μ£Όμ…”μ„ μ μ‰¬κ³  κ°€μ”μμμ¥λ„ μ΅°μ©ν•΄μ„ μΆ‹μ•μ–΄μ” ,2018. 12. 23
209,λ΅―λ°νΈν…” μ›”λ“,5,"λ΅―λ°μ›”λ“λ‘ ν•¨κ» μ΄μ©ν–μµλ‹λ‹¤
μ •λ§ μΆ‹μ•μ–΄μ”",λ΅―λ°μ›”λ“λ‘ ν•¨κ» μ΄μ©ν–μµλ‹λ‹¤μ •λ§ μΆ‹μ•μ–΄μ”,2018. 12. 09
210,λ΅―λ°νΈν…” μ›”λ“,5,μ΅°μ•„μ” μ‹μ„¤λ„ μΆ‹κµ¬ κΉ”λ”ν•΄μ”,μ΅°μ•„μ” μ‹μ„¤λ„ μΆ‹κµ¬ κΉ”λ”ν•΄μ”,2018. 12. 09
211,λ΅―λ°νΈν…” μ›”λ“,4,"λ©”μΈμ‚¬μ§„λ³΄κ³  λ΅―λ°νƒ€μ›κ°”λ”λ‹ κ·Έκ³³μ΄ μ•„λ‹λ”κµ°μ”;;λ‹Ήν™©
νƒ€μ›μ•„λ‹κ³  κ±΄λ„νΈ νΈν…”μ…λ‹λ‹¤γ…‹
μ „μ²΄μ μΌλ΅ κΉ¨λ—ν•΄ν•λ° μκ±΄μ— μ–Όλ£©μ΄γ… 
μ΄λ¶μ΄ ν‘Ήμ‹ ν•κ³  λ”°λ» μΆ‹μ•μ–΄μ” 
μ΅°μ‹λ¨ΉμΌλ¬κ°”μ„λ• μ§μ›λ¶„μ΄ λ„λ¬΄ λ”±λ”±ν•μ…”μ„..;; 
μκ³  λ°”λ΅λ‚μ™€μ„ κ·Έλ¦¬λκΌμ„μλ„μκ² μ§€λ§..λ‹Ήν™©ν–μµλ‹λ‹¤;
κ·Έμ‹κ°„μ— μΌν•μ‹λ”κ±°λ³΄κ³  μ§μ›λ¶„λ“¤μ΄ λ©‹μ Έλ³΄μ€μµλ‹λ‹¤.λ”λ³΄κΈ°",λ©”μΈμ‚¬μ§„λ³΄κ³  λ΅―λ°νƒ€μ›κ°”λ”λ‹ κ·Έκ³³μ΄ μ•„λ‹λ”κµ°μ”λ‹Ήν™©νƒ€μ›μ•„λ‹κ³  κ±΄λ„νΈ νΈν…”μ…λ‹λ‹¤γ…‹μ „μ²΄μ μΌλ΅ κΉ¨λ—ν•΄ν•λ° μκ±΄μ— μ–Όλ£©μ΄γ… μ΄λ¶μ΄ ν‘Ήμ‹ ν•κ³  λ”°λ» μΆ‹μ•μ–΄μ” μ΅°μ‹λ¨ΉμΌλ¬κ°”μ„λ• μ§μ›λ¶„μ΄ λ„λ¬΄ λ”±λ”±ν•μ…”μ„ μκ³  λ°”λ΅λ‚μ™€μ„ κ·Έλ¦¬λκΌμ„μλ„μκ² μ§€λ§λ‹Ήν™©ν–μµλ‹λ‹¤κ·Έμ‹κ°„μ— μΌν•μ‹λ”κ±°λ³΄κ³  μ§μ›λ¶„λ“¤μ΄ λ©‹μ Έλ³΄μ€μµλ‹λ‹¤λ”λ³΄κΈ°,2018. 12. 04
212,λ΅―λ°νΈν…” μ›”λ“,5,"ν¨ν‚¤μ§€ μƒν’μΌλ΅  μ¬λ―Έλ„ μ¦κΈ°κ³ , νΈν…”λ„ νΈν μ‰¬μ—μ–΄μ”.",ν¨ν‚¤μ§€ μƒν’μΌλ΅  μ¬λ―Έλ„ μ¦κΈ°κ³  νΈν…”λ„ νΈν μ‰¬μ—μ–΄μ”,2018. 11. 28
213,λ΅―λ°νΈν…” μ›”λ“,5,λ„λ¬΄ μΉμ ν•μ‹κ³  μΆ‹μ•μ΄λ‹¤ μΉ¨λ€λ„ λ„λ¬΄νΈν•κ³  λ²Όκ°λ„ μ§±μ§±,λ„λ¬΄ μΉμ ν•μ‹κ³  μΆ‹μ•μ΄λ‹¤ μΉ¨λ€λ„ λ„λ¬΄νΈν•κ³  λ²Όκ°λ„ μ§±μ§±,2018. 11. 27
214,λ΅―λ°νΈν…” μ›”λ“,5,κ°€κΉμ΄ νΈμ μ•Όκ²½λ„ μμκ³  λ°©λ„ κΉ¨λ—ν•΄μ”~,κ°€κΉμ΄ νΈμ μ•Όκ²½λ„ μμκ³  λ°©λ„ κΉ¨λ—ν•΄μ”,2018. 10. 14
215,λ΅―λ°νΈν…” μ›”λ“,2,κ°™μ€ νΈν…”λ¦¬μ–΄λ΅μ¨ μ†”μ§ν• ν›„κΈ° λ‚¨κΉλ‹λ‹¤. λ£Έμ€ μ •λ§ μ¤λλ ν‹°κ°€λ‚μ§€λ§  μ²­κ²°ν•©λ‹λ‹¤. μ΅°μ‹μ€ μ •λ§ κΈ°λ€μ΄ν•.. λμ•„κΉμ›μ£½λ”μ¤„μ•μ•μµλ‹λ‹¤. μ΄κ°€κ²©λ€μ— μ΄λ° μ΅°μ‹μ€ μ²μμ…λ‹λ‹¤.. μ§μ›λ“¤μ€ ν›λ¥­ν•©λ‹λ‹¤.,κ°™μ€ νΈν…”λ¦¬μ–΄λ΅μ¨ μ†”μ§ν• ν›„κΈ° λ‚¨κΉλ‹λ‹¤ λ£Έμ€ μ •λ§ μ¤λλ ν‹°κ°€λ‚μ§€λ§  μ²­κ²°ν•©λ‹λ‹¤ μ΅°μ‹μ€ μ •λ§ κΈ°λ€μ΄ν• λμ•„κΉμ›μ£½λ”μ¤„μ•μ•μµλ‹λ‹¤ μ΄κ°€κ²©λ€μ— μ΄λ° μ΅°μ‹μ€ μ²μμ…λ‹λ‹¤ μ§μ›λ“¤μ€ ν›λ¥­ν•©λ‹λ‹¤,2018. 10. 03
216,λ΅―λ°νΈν…” μ›”λ“,5,"μ„λΉ„μ¤κ°€ μ§„μ§ μµκ³ μ€μ–΄μ”.
κ³Όν•λ‹¤ μ‹¶μ„ μ •λ„λ΅ μΉμ ν•μ…”μ„ λ¶€λ‹΄μ΄ λ  μ •λ„μ€μ–΄μ”.
κ·Έλλ„ μ§„μ§ λ„λ¬΄ νΈν•κ² μ μ‰¬λ‹¤κ°€ κ°€μ”.
λ†’μ€ μΈµμ„ μ›ν•λ‹¤κ³  λ―Έλ¦¬ μ—°λ½λ“λ Έλ”λ‹ λ©”λ¨ λ‚¨κ²¨μ£Όκ² λ‹¤κ³  λ°©μ΄ μμΌλ©΄ ν•΄μ£Όμ‹κ² λ‹¤κ³  ν•μ…¨λ”λ° λ§‰μƒ κ°”λ”λ‹ μ •λ§ λ†’μ€ μΈµμ„ ν•΄μ£Όμ…¨λ”λΌκµ¬μ”.. γ…‹γ…‹γ…‹κ±΄λ¬Ό λ’·νΈμ΄λΌ μ—„μ²­ μΆ‹μ€ λ·°λ” μ•„λ‹μ—μ§€λ§ κ·Έλλ„ μ²­κ²°ν•¨μ΄λ‚ μ„λΉ„μ¤λ‚ λ¨λ“  λ©΄μ—μ„ μΆ‹μ•μ–΄μ”.
λ‹¤μμ—λ„ μ΄μ©ν•κ³ μ‹¶μ–΄μ”.λ”λ³΄κΈ°",μ„λΉ„μ¤κ°€ μ§„μ§ μµκ³ μ€μ–΄μ”κ³Όν•λ‹¤ μ‹¶μ„ μ •λ„λ΅ μΉμ ν•μ…”μ„ λ¶€λ‹΄μ΄ λ  μ •λ„μ€μ–΄μ”κ·Έλλ„ μ§„μ§ λ„λ¬΄ νΈν•κ² μ μ‰¬λ‹¤κ°€ κ°€μ”λ†’μ€ μΈµμ„ μ›ν•λ‹¤κ³  λ―Έλ¦¬ μ—°λ½λ“λ Έλ”λ‹ λ©”λ¨ λ‚¨κ²¨μ£Όκ² λ‹¤κ³  λ°©μ΄ μμΌλ©΄ ν•΄μ£Όμ‹κ² λ‹¤κ³  ν•μ…¨λ”λ° λ§‰μƒ κ°”λ”λ‹ μ •λ§ λ†’μ€ μΈµμ„ ν•΄μ£Όμ…¨λ”λΌκµ¬μ” γ…‹γ…‹γ…‹κ±΄λ¬Ό λ’·νΈμ΄λΌ μ—„μ²­ μΆ‹μ€ λ·°λ” μ•„λ‹μ—μ§€λ§ κ·Έλλ„ μ²­κ²°ν•¨μ΄λ‚ μ„λΉ„μ¤λ‚ λ¨λ“  λ©΄μ—μ„ μΆ‹μ•μ–΄μ”λ‹¤μμ—λ„ μ΄μ©ν•κ³ μ‹¶μ–΄μ”λ”λ³΄κΈ°,2018. 09. 24
217,λ΅―λ°νΈν…” μ›”λ“,5,κµΏ μΆ‹μ•„μ” κ°€μ„±λΉ„μµκ³  ν¨ν‚¤μ§€,κµΏ μΆ‹μ•„μ” κ°€μ„±λΉ„μµκ³  ν¨ν‚¤μ§€,2018. 08. 19
218,λ΅―λ°νΈν…” μ›”λ“,5,μ‹μ„¤μ€ λ…Έν›„λ¬μ§€λ§ μ„λΉ„μ¤λ” μΉμ² μµκ³ ,μ‹μ„¤μ€ λ…Έν›„λ¬μ§€λ§ μ„λΉ„μ¤λ” μΉμ² μµκ³ ,2018. 08. 17
219,λ΅―λ°νΈν…” μ›”λ“,4,κµν†µκ³Ό μ ‘κ·Όμ„±μ€ μµκ³ μ…λ‹λ‹¤. κ°μ‹¤μƒνƒλ” μ΅°κΈ  λ…Έν›„ λμ—λ„¤μ”.,κµν†µκ³Ό μ ‘κ·Όμ„±μ€ μµκ³ μ…λ‹λ‹¤ κ°μ‹¤μƒνƒλ” μ΅°κΈ  λ…Έν›„ λμ—λ„¤μ”,2018. 08. 09
220,λ΅―λ°νΈν…” μ›”λ“,5,"ν΄κ°€μ²  μ΄μ©μΌλ΅ μ²΄ν¬μΈ λ€κΈ°κ°€ κΈ΄ νΈμ΄μ—μ§€λ§ μµλ€ν• λ¶νΈμ—†μ΄ μ΄μ©κ°€λ¥ν•λ„λ΅ μ„ν¬νΈ ν•΄μ¤€μ μ΄ μΆ‹μ•μ–΄μ”.
λ‹¤λ§, νΈν…” μ™Έμ— λ°±ν™”μ , μ–΄λ“λ²¤μ² λ“± μ£Όμ°¨κ³µκ°„μ„ κ³µμ ν•λ‹¤λ³΄λ‹ ν”Όν¬μ‹κ°Έ μ£Όμ°¨ν•κΈ°κ°€ μ–΄λ ¤μ΄μ μ΄ μ•„μ‰½μµλ‹λ‹¤",ν΄κ°€μ²  μ΄μ©μΌλ΅ μ²΄ν¬μΈ λ€κΈ°κ°€ κΈ΄ νΈμ΄μ—μ§€λ§ μµλ€ν• λ¶νΈμ—†μ΄ μ΄μ©κ°€λ¥ν•λ„λ΅ μ„ν¬νΈ ν•΄μ¤€μ μ΄ μΆ‹μ•μ–΄μ”λ‹¤λ§ νΈν…” μ™Έμ— λ°±ν™”μ  μ–΄λ“λ²¤μ² λ“± μ£Όμ°¨κ³µκ°„μ„ κ³µμ ν•λ‹¤λ³΄λ‹ ν”Όν¬μ‹κ°Έ μ£Όμ°¨ν•κΈ°κ°€ μ–΄λ ¤μ΄μ μ΄ μ•„μ‰½μµλ‹λ‹¤,2018. 07. 31
221,λ΅―λ°νΈν…” μ›”λ“,5,κ°μ‹¤λ„ κΉ¨λ—ν•κ³  λ·°λ„ μΆ‹κ³  λ¨λ“ λ©΄μ—μ„ λ§μ΅±ν–μ–΄μ”!,κ°μ‹¤λ„ κΉ¨λ—ν•κ³  λ·°λ„ μΆ‹κ³  λ¨λ“ λ©΄μ—μ„ λ§μ΅±ν–μ–΄μ”,2018. 07. 31
222,λ΅―λ°νΈν…” μ›”λ“,5,λ‘ λ§μ΄ ν•„μ”μ—†λ„¤μ”! λ΅―λ°νΈν…”μ›”λ“ κΈ°νλ§ λλ‹¤λ©΄ λ μ΄μ©ν•κ³  μ‹¶μµλ‹λ‹¤!,λ‘ λ§μ΄ ν•„μ”μ—†λ„¤μ” λ΅―λ°νΈν…”μ›”λ“ κΈ°νλ§ λλ‹¤λ©΄ λ μ΄μ©ν•κ³  μ‹¶μµλ‹λ‹¤,2018. 07. 14
223,λ΅―λ°νΈν…” μ›”λ“,5,"λ‹¤λ¥Έκ³³λ³΄λ‹¤ μΏ ν°μ‚¬μ©ν•΄μ„ μ €λ ΄ν•κ²μμ•½ν–μµλ‹λ‹¤
κ°μ‹¤μƒνƒ κ΄μ°®μ•κ³  μΉμ ν•΄μ„μΆ‹μ•„μ”
κ°•λ‚¨κ·Όμ²μ—μ„ νƒμ‹λ΅ λ‹¤λ‹κΈ° νΈν–μµλ‹λ‹¤
λ μ—¬κΈ°λ§κ°€κ²λλ„¤μ”^^",λ‹¤λ¥Έκ³³λ³΄λ‹¤ μΏ ν°μ‚¬μ©ν•΄μ„ μ €λ ΄ν•κ²μμ•½ν–μµλ‹λ‹¤κ°μ‹¤μƒνƒ κ΄μ°®μ•κ³  μΉμ ν•΄μ„μΆ‹μ•„μ”κ°•λ‚¨κ·Όμ²μ—μ„ νƒμ‹λ΅ λ‹¤λ‹κΈ° νΈν–μµλ‹λ‹¤λ μ—¬κΈ°λ§κ°€κ²λλ„¤μ”,2018. 06. 29
224,λ΅―λ°νΈν…” μ›”λ“,4,μ¤λλ νΈν…” λλ‚μ€ μμ—μ§€λ§ μΉ¨λ€λ‘ μΉ¨κµ¬κ°€ μ •λ§ νΈν–μ–΄μ” κ·Έλ¦¬κ³  λ΅―λ°μ›”λ“ ν¨ν‚¤μ§€ ν–μ—λ”λ° νΈν…” μ΄μ©ν•κ³  λ‚μ„ μ°¨λ‰ λ“±λ΅ν•΄μ£Όμ…”μ„ μ£Όμ°¨ κ±±μ • μ—†μ΄ νΈν•κ² λ†€κ³ μ™”μµλ‹λ‹¤,μ¤λλ νΈν…” λλ‚μ€ μμ—μ§€λ§ μΉ¨λ€λ‘ μΉ¨κµ¬κ°€ μ •λ§ νΈν–μ–΄μ” κ·Έλ¦¬κ³  λ΅―λ°μ›”λ“ ν¨ν‚¤μ§€ ν–μ—λ”λ° νΈν…” μ΄μ©ν•κ³  λ‚μ„ μ°¨λ‰ λ“±λ΅ν•΄μ£Όμ…”μ„ μ£Όμ°¨ κ±±μ • μ—†μ΄ νΈν•κ² λ†€κ³ μ™”μµλ‹λ‹¤,2018. 06. 01
225,λ΅―λ°νΈν…” μ›”λ“,5,"ν”„λ΅ νΈ λ°μ¤ν¬ μ§μ›λ¶„λ“¤ λ„λ¬΄ μΉμ ν•μ…¨μ–΄μ”!!
ν¨ν‚¤μ§€λΌμ„ μ΅°μ‹, μ•„μΏ μ•„λ¦¬μ›€ ν¬ν•¨μ΄μ—λ”λ° λ§μ΅±ν–μ–΄μ”!",ν”„λ΅ νΈ λ°μ¤ν¬ μ§μ›λ¶„λ“¤ λ„λ¬΄ μΉμ ν•μ…¨μ–΄μ”ν¨ν‚¤μ§€λΌμ„ μ΅°μ‹ μ•„μΏ μ•„λ¦¬μ›€ ν¬ν•¨μ΄μ—λ”λ° λ§μ΅±ν–μ–΄μ”,2018. 04. 16
226,λ΅―λ°νΈν…” μ›”λ“,5,"μ μ‹¤μ—­μ΄λ‘ μ΄μ–΄μ Έμκ³  λ΅―λ°μ›”λ“, νƒ€μ›, μ„μ΄νΈμμ™€ μ™„μ „ κ°€κΉκΈ°λ„¤ κµν†µμ€ λ§ν• κ²ƒλ„ μ—†μµλ‹λ‹¤.
μ΅°μ‹λ„ λ§›μκ² μλ¨Ήμ—κ³  ν”Όν¬λ‹‰λ°•μ¤λ„ μλ°›μ•μµλ‹λ‹¤. μƒλ“μ„μΉ μ΅ν¬ μ•„μ‚¬νλ§¥μ£Ό λ—μλ¦¬κ°€ λ“¤μ–΄μμ–΄ μ”κΈ΄ν•κ² μ»μµλ‹λ‹¤.
μ—­μ‹ μ§μ›λ¶„λ“¤μ΄ μ—„μ²­ μΉμ ν–μµλ‹λ‹¤.
μ—­μ‹ λ΅―λ°νΈν…”μ…λ‹λ‹¤.",μ μ‹¤μ—­μ΄λ‘ μ΄μ–΄μ Έμκ³  λ΅―λ°μ›”λ“ νƒ€μ› μ„μ΄νΈμμ™€ μ™„μ „ κ°€κΉκΈ°λ„¤ κµν†µμ€ λ§ν• κ²ƒλ„ μ—†μµλ‹λ‹¤μ΅°μ‹λ„ λ§›μκ² μλ¨Ήμ—κ³  ν”Όν¬λ‹‰λ°•μ¤λ„ μλ°›μ•μµλ‹λ‹¤ μƒλ“μ„μΉ μ΅ν¬ μ•„μ‚¬νλ§¥μ£Ό λ—μλ¦¬κ°€ λ“¤μ–΄μμ–΄ μ”κΈ΄ν•κ² μ»μµλ‹λ‹¤μ—­μ‹ μ§μ›λ¶„λ“¤μ΄ μ—„μ²­ μΉμ ν–μµλ‹λ‹¤μ—­μ‹ λ΅―λ°νΈν…”μ…λ‹λ‹¤,2018. 04. 13
227,λ΅―λ°νΈν…” μ›”λ“,3,λ°©λ¬Έμ•„λκ°€λ– μμ–΄μ„ μ†λ¦¬κ°€λ‹¤λ“¤λ ¤μ”,λ°©λ¬Έμ•„λκ°€λ– μμ–΄μ„ μ†λ¦¬κ°€λ‹¤λ“¤λ ¤μ”,2018. 04. 02
228,λ΅―λ°νΈν…” μ›”λ“,4,"μ ‘κ·Όμ„±, κµν†µ, νΈμμ„± λ‹¤ λ§μ΅±ν•©λ‹λ‹¤. ν•μ§€λ§ ν™”μ¥μ‹¤ λ³€κΈ° μμ••μ΄ γ…γ… λ„λ¬΄ μ•½ν–μ–΄μ”",μ ‘κ·Όμ„± κµν†µ νΈμμ„± λ‹¤ λ§μ΅±ν•©λ‹λ‹¤ ν•μ§€λ§ ν™”μ¥μ‹¤ λ³€κΈ° μμ••μ΄ γ…γ… λ„λ¬΄ μ•½ν–μ–΄μ”,2017. 12. 09
